Unnamed: 0,filename,blast,brown,healthy
0,id_00vl5wvxq3.jpg,0.99650085,0.0028240366,0.0006751605
1,id_01hu05mtch.jpg,0.090407304,0.9027755,0.00681718
2,id_030ln10ewn.jpg,0.7487362,0.22005366,0.031210164
3,id_03z57m8xht.jpg,0.9985883,0.00063634454,0.0007753969
4,id_04ngep1w4b.jpg,0.9724046,0.013907399,0.013688117
5,id_050c6jzczt.jpg,0.20678619,0.6403047,0.15290914
6,id_062s7kr3jp.jpg,0.9847691,0.0024623717,0.012768512
7,id_066v0v19bm.jpg,0.96220577,0.0365898,0.0012045328
8,id_07v2dwvq17.jpg,0.9229773,0.03948853,0.037534278
9,id_084yoijkju.jpg,0.9931929,0.005116288,0.0016908107
10,id_089nmtd1v0.jpg,0.9491086,0.041591585,0.009299825
11,id_0ane7k90m0.jpg,0.9950924,0.0018280887,0.0030795778
12,id_0e7wk9uzq3.jpg,0.9636382,0.0036801086,0.03268179
13,id_0f43lwh2ve.jpg,0.08996819,0.8540659,0.055965953
14,id_0gutmn510g.jpg,0.23906577,0.07488601,0.68604827
15,id_0ivqysjaf3.jpg,0.99418455,0.0012090602,0.004606452
16,id_0jv00ddllp.jpg,0.9993162,0.0003110726,0.00037277164
17,id_0jvgjlu6db.jpg,0.9991511,0.00039377695,0.00045506406
18,id_0kb1k9p3ox.jpg,0.13013929,0.14201419,0.7278465
19,id_0ptdk3a5vq.jpg,0.09454921,0.8602611,0.045189735
20,id_0r2hdgahag.jpg,0.47214907,0.4282073,0.09964368
21,id_0rye0m9k8n.jpg,0.9951621,0.004572803,0.00026514224
22,id_0s71zmqgab.jpg,0.1598362,0.08919477,0.75096905
23,id_0s8jfre56d.jpg,0.94177675,0.01847893,0.039744385
24,id_0s8p3xe7ox.jpg,0.022382824,0.9759868,0.0016304005
25,id_0sfi1usm7o.jpg,0.13677941,0.6112975,0.25192308
26,id_0sj2nj0iv8.jpg,0.044490434,0.35528955,0.60022
27,id_0sk77pcna4.jpg,0.82903093,0.15283571,0.018133348
28,id_0u5yyljlni.jpg,0.0033684669,0.96128833,0.03534328
29,id_0wmuruj6vc.jpg,0.9928106,0.0019406427,0.005248759
30,id_0x8ufanyyl.jpg,0.8925978,0.026415199,0.08098706
31,id_0zmihf5mrh.jpg,0.12426528,0.8613982,0.014336506
32,id_102rthzp5d.jpg,0.07279538,0.9106811,0.01652359
33,id_10jv6d35ge.jpg,0.9974274,0.0012161928,0.0013564329
34,id_10wvvleobw.jpg,0.97113097,0.01494954,0.013919573
35,id_12exehmn04.jpg,0.9900818,0.005280636,0.0046376768
36,id_12sbto2xb5.jpg,0.971344,0.016203579,0.012452433
37,id_15kgdxivta.jpg,0.72159255,0.19517115,0.08323635
38,id_16cw42588b.jpg,0.20767601,0.44305116,0.34927285
39,id_172v32sjrd.jpg,0.08352248,0.4847495,0.43172807
40,id_185nae1uwe.jpg,0.94584435,0.02056725,0.03358844
41,id_18dbof864z.jpg,0.9725882,0.023364337,0.004047488
42,id_18gc0uojou.jpg,0.20176265,0.7171037,0.08113365
43,id_18tvychr6u.jpg,0.010299349,0.20829074,0.78141
44,id_1abk7wnlia.jpg,0.9865924,0.00437461,0.009033026
45,id_1b75oukcu7.jpg,0.9903768,0.0044114124,0.0052118637
46,id_1biitp0gbc.jpg,0.00496938,0.9376991,0.05733157
47,id_1bwteyjgef.jpg,0.9982722,0.0010760936,0.0006517635
48,id_1cgkf5k10j.jpg,0.99312526,0.00591928,0.000955472
49,id_1faueyfqyx.jpg,0.55548906,0.13341095,0.31110007
50,id_1gkr07e0kd.jpg,0.9868873,0.0044130594,0.008699677
51,id_1gn0og83mi.jpg,0.22611538,0.077663235,0.6962214
52,id_1gxrc02que.jpg,0.93677115,0.02566164,0.037567213
53,id_1i4c79c9ji.jpg,0.9019464,0.031642478,0.06641116
54,id_1i5v2j4sax.jpg,0.13072963,0.7679769,0.1012935
55,id_1j1edjfd4f.jpg,0.05153918,0.8293303,0.11913054
56,id_1jex1cbzqz.jpg,0.9577849,0.019164298,0.023050832
57,id_1jklgpd8d6.jpg,0.75195765,0.11869953,0.12934285
58,id_1krj65y404.jpg,0.9711232,0.02381025,0.005066578
59,id_1m6n769g91.jpg,0.9178184,0.07595049,0.0062311087
60,id_1nfivdxg3k.jpg,0.9928802,0.004780301,0.002339559
61,id_1nrkalt5m2.jpg,0.8393178,0.13994801,0.020734228
62,id_1p26yf26ad.jpg,0.97769934,0.006679979,0.015620747
63,id_1phhaetwp0.jpg,0.11520292,0.8794967,0.0053004646
64,id_1q5254vwyn.jpg,0.9922675,0.0056716194,0.0020609645
65,id_1s51xf1hzi.jpg,0.53075945,0.017146783,0.45209375
66,id_1sju9mce8x.jpg,0.0056022853,0.98718023,0.007217492
67,id_1sobp25gqr.jpg,0.9544232,0.023362698,0.02221406
68,id_1tajvlo77s.jpg,0.9922947,0.003026405,0.0046788813
69,id_1uoy9y28ci.jpg,0.097636655,0.33766082,0.56470263
70,id_1w1zx50ks3.jpg,0.8596837,0.022730576,0.11758579
71,id_1wkzflxkh6.jpg,0.9951185,0.004663979,0.00021749426
72,id_1xohzz86kf.jpg,0.98796797,0.01012368,0.0019083823
73,id_1y0zncmgqb.jpg,0.9724419,0.026727242,0.0008307861
74,id_1y37qz4ry0.jpg,0.99219406,0.0048671365,0.0029388417
75,id_1yrozih525.jpg,0.14285907,0.84836113,0.008779854
76,id_1yzlxwmbtw.jpg,0.19726074,0.7998364,0.002902843
77,id_1zyv1iq9ke.jpg,0.9077937,0.088895485,0.0033108275
78,id_202qmgptos.jpg,0.7872933,0.049675576,0.1630311
79,id_20jy1dng9w.jpg,0.8489679,0.011440194,0.13959195
80,id_20lxhltxfh.jpg,0.99267614,0.0055429423,0.001780984
81,id_222sm7fvpz.jpg,0.0045842365,0.85909224,0.13632362
82,id_22xrmf5o43.jpg,0.9690795,0.02432218,0.006598364
83,id_23frz85y4q.jpg,0.9904749,0.005853086,0.0036721043
84,id_2429vw33is.jpg,0.004343724,0.9942926,0.0013637057
85,id_244q5yfpok.jpg,0.9378998,0.0059172986,0.056182973
86,id_25b366alwi.jpg,0.21161355,0.17064942,0.61773705
87,id_2634btzlwa.jpg,0.056997277,0.10104486,0.84195787
88,id_29147ujazi.jpg,0.9947753,0.0007301016,0.004494641
89,id_29ua75zqlo.jpg,0.08003389,0.03385631,0.8861098
90,id_2btc6aaiul.jpg,0.18391246,0.8091233,0.0069643343
91,id_2dc984fdle.jpg,0.08198061,0.031024199,0.8869952
92,id_2e6287ty0v.jpg,0.98172987,0.008438133,0.009831981
93,id_2f0o0mfu1g.jpg,0.89272135,0.061682798,0.04559592
94,id_2fljyfm5he.jpg,0.9687401,0.024820894,0.006439018
95,id_2ifmsk6xpl.jpg,0.9847108,0.002872832,0.012416369
96,id_2ku67cg3ud.jpg,0.87664163,0.12200724,0.0013511813
97,id_2nmj22clly.jpg,0.26292124,0.017885122,0.7191937
98,id_2o6mpuqjj6.jpg,0.99847054,0.00054214656,0.0009874421
99,id_2pybialww7.jpg,0.011148019,0.96130466,0.027547376
100,id_2q6g4ubcn3.jpg,0.9870116,0.01172207,0.0012663591
101,id_2uahvm6nlz.jpg,0.945044,0.008322671,0.04663336
102,id_2y87y866kh.jpg,0.96479654,0.031929076,0.0032743758
103,id_2z9iw7acwj.jpg,0.12753871,0.009088874,0.86337245
104,id_321v8nul8r.jpg,0.8955991,0.0163563,0.08804465
105,id_32dfq1f0fz.jpg,0.61866856,0.37158436,0.009747117
106,id_349dssqmyx.jpg,0.14855321,0.2410701,0.6103767
107,id_3501x49zk6.jpg,0.18656392,0.80766207,0.0057740468
108,id_35n9wtfzvj.jpg,0.9439217,0.050319407,0.005758958
109,id_37dlaohacg.jpg,0.2674653,0.71199787,0.020536926
110,id_38fgveupp6.jpg,0.21999404,0.7599844,0.020021714
111,id_393toqusi5.jpg,0.9989078,0.00032940472,0.0007628087
112,id_398iuyjuiw.jpg,0.8539398,0.14427535,0.0017848341
113,id_3aw1x3lp00.jpg,0.94037694,0.055531986,0.0040911445
114,id_3azjbcsaoz.jpg,0.8423455,0.13907662,0.018577946
115,id_3b3ittba4m.jpg,0.9661988,0.013737133,0.0200641
116,id_3bpvokar6a.jpg,0.005842858,0.014522773,0.9796344
117,id_3bzlx5zdtc.jpg,0.25229222,0.73449606,0.013211738
118,id_3eis2hodjf.jpg,0.9837021,0.010295994,0.006001931
119,id_3erzt7e8go.jpg,0.049752057,0.20780215,0.7424458
120,id_3ffiga0dbm.jpg,0.23430815,0.22341843,0.54227346
121,id_3hax4hkblt.jpg,0.99573505,0.0039697345,0.00029526144
122,id_3hb0jpd195.jpg,0.33458737,0.6498571,0.015555536
123,id_3k3bngsb0x.jpg,0.058913566,0.008434058,0.93265235
124,id_3o0cliy66y.jpg,0.58998454,0.02058015,0.38943538
125,id_3oz6lfl9zh.jpg,0.8652296,0.10419555,0.03057491
126,id_3pxyuwfequ.jpg,0.9864128,0.008148297,0.0054389047
127,id_3q19pe5ap7.jpg,0.0020396053,0.9547833,0.043177024
128,id_3u167skcbr.jpg,0.9392641,0.037784517,0.022951402
129,id_3u678if5sa.jpg,0.92323315,0.06443346,0.012333455
130,id_3utzbj8iwy.jpg,0.993865,0.0029443037,0.0031906762
131,id_3v9lrv6wd1.jpg,0.9136679,0.08044539,0.005886815
132,id_3xxa7ein98.jpg,0.11106744,0.8455124,0.04342015
133,id_3yzntalbvj.jpg,0.8393339,0.042848274,0.11781793
134,id_3zpci62t81.jpg,0.30453306,0.6862692,0.009197802
135,id_3zr7d0lxtp.jpg,0.8848498,0.047742896,0.067407325
136,id_40tq9ldy97.jpg,0.9866148,0.007915356,0.005469849
137,id_40x5h1zs7z.jpg,0.7312541,0.22191165,0.046834257
138,id_4227oe5rcg.jpg,0.8450719,0.012628922,0.1422992
139,id_42eimytwax.jpg,0.10804474,0.88894403,0.003011276
140,id_46tn6xbbos.jpg,0.90702903,0.06586452,0.027106522
141,id_46xhul3ffj.jpg,0.7614285,0.1964396,0.04213189
142,id_497layo6y6.jpg,0.9634387,0.035007473,0.0015538805
143,id_4b2kzejrzs.jpg,0.056144886,0.911821,0.032034125
144,id_4c0y67btx0.jpg,0.9464164,0.027052196,0.026531445
145,id_4c5fsx9t1g.jpg,0.9116686,0.029591953,0.058739502
146,id_4e4hrr1doy.jpg,0.010844181,0.9777797,0.011376118
147,id_4eokhx4xmu.jpg,0.009609848,0.97785044,0.01253978
148,id_4eqly7ghcb.jpg,0.93522525,0.06213974,0.0026350413
149,id_4eyre09j24.jpg,0.0012966599,0.0039541945,0.9947491
150,id_4ghoez8b3q.jpg,0.077471234,0.8287838,0.09374499
151,id_4hojjs1sqk.jpg,0.065247655,0.31148738,0.6232649
152,id_4i6zcdrwkr.jpg,0.047280625,0.924452,0.028267324
153,id_4jmwaj5c0z.jpg,0.16882138,0.823483,0.007695632
154,id_4lowhbx63p.jpg,0.7698982,0.07909776,0.15100409
155,id_4nvv0xethp.jpg,0.0014515046,0.9955139,0.0030346955
156,id_4p09jwrfcd.jpg,0.9993856,0.00021697288,0.00039749953
157,id_4pa7clavwn.jpg,0.99726284,0.002221345,0.0005157327
158,id_4rnqd1qmsb.jpg,0.98854476,0.0026961905,0.008758978
159,id_4t04covpzf.jpg,0.25361702,0.05034138,0.6960416
160,id_4vcmk255mj.jpg,0.99443996,0.002587892,0.0029722473
161,id_4veqvgf276.jpg,0.1309058,0.46968782,0.39940643
162,id_4xqyedo4gz.jpg,0.9511059,0.010752894,0.03814128
163,id_4yrf1ograd.jpg,0.9814682,0.012873722,0.0056581357
164,id_4zusywq1cj.jpg,0.95286864,0.04186063,0.00527073
165,id_50uwy9lssr.jpg,0.9651922,0.014526509,0.020281315
166,id_510uss2kx6.jpg,0.99905837,0.00043857878,0.00050303515
167,id_566s519h3g.jpg,0.07016264,0.8880778,0.041759543
168,id_56ig1njq37.jpg,0.6903038,0.3045771,0.0051191286
169,id_584lgxnpb7.jpg,0.06349513,0.032208096,0.90429676
170,id_58jg1k3s5r.jpg,0.6304895,0.34994328,0.019567253
171,id_5c0o7whkhv.jpg,0.03846162,0.28905076,0.6724876
172,id_5eilypqfff.jpg,0.0140284635,0.9610084,0.02496314
173,id_5f20all309.jpg,0.17438442,0.073738635,0.75187695
174,id_5gn6rtfftv.jpg,0.9539851,0.041573934,0.0044410033
175,id_5gz27g2s4l.jpg,0.9155487,0.05380155,0.030649837
176,id_5ixtcjsmuz.jpg,0.91494155,0.08345598,0.0016025205
177,id_5k7qvp9fhc.jpg,0.9804348,0.013516877,0.0060484693
178,id_5k7vfi0zc5.jpg,0.98000634,0.0061543086,0.013839381
179,id_5lo7l0y0vb.jpg,0.9433185,0.05358923,0.003092269
180,id_5lxm7mcsj2.jpg,0.07888962,0.81140065,0.109709755
181,id_5nkfatffwe.jpg,0.51315427,0.048440237,0.43840557
182,id_5vqbqpw7qn.jpg,0.9171507,0.0639878,0.018861469
183,id_5w2fpqgby8.jpg,0.98237634,0.01696954,0.0006541221
184,id_5wcv5ugwhx.jpg,0.0065560658,0.038592294,0.95485175
185,id_5ylgl2empi.jpg,0.8185375,0.012696431,0.16876608
186,id_60qaklh3mk.jpg,0.15390152,0.44252807,0.40357044
187,id_61cw521nxd.jpg,0.004942848,0.98050505,0.014552147
188,id_63btdfqcnj.jpg,0.004397135,0.99045837,0.005144557
189,id_63pslknc7r.jpg,0.9978561,0.0007911397,0.0013528184
190,id_63x62yn6ve.jpg,0.014097495,0.9611814,0.024721153
191,id_648d4t1un5.jpg,0.68603146,0.046223722,0.26774484
192,id_64a66iflbg.jpg,0.97959256,0.018635621,0.0017718535
193,id_64xo3an59r.jpg,0.8375977,0.095213845,0.0671884
194,id_6579czllj5.jpg,0.38360402,0.023210693,0.5931853
195,id_65fiexheye.jpg,0.034854364,0.9078901,0.057255637
196,id_65igspysof.jpg,0.0428852,0.2573781,0.6997367
197,id_66bnbmp7o7.jpg,0.9807713,0.0028882488,0.016340446
198,id_66m9y7ilsm.jpg,0.8762791,0.119951,0.0037698038
199,id_6bkgvuphbg.jpg,0.034431465,0.8359601,0.12960847
200,id_6bypvyv5vv.jpg,0.08812482,0.8911333,0.020741897
201,id_6c5hxxj9py.jpg,0.060794823,0.93577254,0.003432746
202,id_6eo3wokp04.jpg,0.9494473,0.046349224,0.004203479
203,id_6g7fz3ndtp.jpg,0.9067313,0.06801215,0.025256572
204,id_6jcwemyxc9.jpg,0.99734247,0.00032527692,0.0023322245
205,id_6jkdvdcvp3.jpg,0.086366475,0.0623668,0.85126674
206,id_6luuayw4ih.jpg,0.85280013,0.14268303,0.0045168675
207,id_6mz1zd20su.jpg,0.9663166,0.029810326,0.0038730814
208,id_6olr26yprl.jpg,0.06576644,0.91630423,0.017929344
209,id_6ovjv98pi2.jpg,0.32094538,0.6715758,0.0074788844
210,id_6r3skclu2k.jpg,0.3631493,0.021986973,0.61486375
211,id_6r8f1xh0cc.jpg,0.19051512,0.72639483,0.0830901
212,id_6rn80ow9sl.jpg,0.93552136,0.038314104,0.026164526
213,id_6rpous9krp.jpg,0.25821596,0.0538715,0.6879126
214,id_6tjot777fk.jpg,0.99564624,0.0016938931,0.0026599339
215,id_6u4wgjbt95.jpg,0.595626,0.38743538,0.016938671
216,id_6vk6psro5s.jpg,0.0051619196,0.99338174,0.0014563925
217,id_6z1bp84py1.jpg,0.12342354,0.8212528,0.055323645
218,id_700mwvc0vx.jpg,0.23747092,0.7114148,0.051114343
219,id_70oj3rugky.jpg,0.0033824171,0.967117,0.029500632
220,id_70qqvj0pii.jpg,0.95430684,0.022772793,0.022920335
221,id_712bjojv2s.jpg,0.009223511,0.003976162,0.9868004
222,id_7287yu0tkw.jpg,0.991225,0.0011600689,0.007614962
223,id_72ky4xkvsp.jpg,0.004552693,0.95412225,0.041325066
224,id_72zw6mjvgo.jpg,0.2867949,0.3301012,0.38310397
225,id_73a9naiehr.jpg,0.005109053,0.10598167,0.88890934
226,id_74359q2hrc.jpg,0.930882,0.055237737,0.01388041
227,id_74gu2zkoxj.jpg,0.99894214,0.0008926229,0.00016523084
228,id_74i7knnaa6.jpg,0.12370723,0.8119795,0.06431328
229,id_74qvz0t4fy.jpg,0.99878037,0.00034369645,0.00087596034
230,id_74zd0jtvso.jpg,0.6525924,0.0862406,0.26116696
231,id_75pre3joob.jpg,0.059032828,0.8829092,0.058058
232,id_75vovkuer9.jpg,0.9585197,0.00919401,0.032286253
233,id_77ijc7wa3j.jpg,0.9820181,0.0013695321,0.016612398
234,id_78v1qy0me7.jpg,0.9642193,0.0031897116,0.032591082
235,id_792bgr58xm.jpg,0.1203454,0.03541542,0.84423923
236,id_7966xv6p5i.jpg,0.99435174,0.0006031245,0.0050452184
237,id_7b4zf930o7.jpg,0.110498905,0.091216244,0.7982849
238,id_7dx69pxq4g.jpg,0.96465313,0.014088856,0.021258086
239,id_7eso2apebc.jpg,0.5525931,0.025479995,0.42192695
240,id_7gs7jffsdm.jpg,0.9821037,0.014110838,0.0037854214
241,id_7htglor42s.jpg,0.15573135,0.80851483,0.03575389
242,id_7ivw1rdt60.jpg,0.07201864,0.88947284,0.0385086
243,id_7j622hnfcq.jpg,0.9949151,0.0024095247,0.0026753496
244,id_7l69draumk.jpg,0.9822992,0.014784186,0.0029166087
245,id_7mbzttiyjx.jpg,0.42429113,0.3848849,0.19082396
246,id_7mjwvizaz4.jpg,0.99388516,0.0014722927,0.0046425997
247,id_7nt5ym1rab.jpg,0.9248344,0.07313748,0.0020281593
248,id_7nuvwqoznc.jpg,0.9428401,0.0354486,0.021711353
249,id_7ox9hfrp2p.jpg,0.9217624,0.056924377,0.021313258
250,id_7piya8u1a5.jpg,0.9839328,0.0016044795,0.014462719
251,id_7qfre8d4gx.jpg,0.3701555,0.62422276,0.005621824
252,id_7r73s15wdu.jpg,0.99339205,0.0033644915,0.0032434114
253,id_7rkfw0pgej.jpg,0.98631644,0.012981645,0.000701985
254,id_7sseaeewuh.jpg,0.9351647,0.051365577,0.013469796
255,id_7suxzhgr6k.jpg,0.22331305,0.72076905,0.05591788
256,id_7t4t4nuo1y.jpg,0.295764,0.7021041,0.002131897
257,id_7troz2ms9w.jpg,0.5641696,0.18088672,0.25494373
258,id_7urr8falap.jpg,0.95230544,0.03398873,0.013705868
259,id_7wqwcmi8rt.jpg,0.03673397,0.9014528,0.061813287
260,id_7wukxcmpbd.jpg,0.96755093,0.015331218,0.0171178
261,id_7wvj41qgu8.jpg,0.21363083,0.7574773,0.028891927
262,id_7y7kizouj3.jpg,0.97756016,0.012567281,0.00987266
263,id_7z7c7yav4z.jpg,0.85204893,0.11327548,0.0346756
264,id_7zso8x5txl.jpg,0.1639176,0.72249997,0.11358242
265,id_80uy76npvy.jpg,0.053125117,0.9249927,0.021882223
266,id_8285wr8lqi.jpg,0.41812634,0.4142077,0.16766597
267,id_856sqmfzwg.jpg,0.40053046,0.58632904,0.013140601
268,id_85x8auxsl3.jpg,0.05378606,0.7917274,0.15448654
269,id_890agl8zkx.jpg,0.12122108,0.04600519,0.83277375
270,id_8aximw3gbo.jpg,0.023269407,0.9730944,0.0036361713
271,id_8c4pq31jju.jpg,0.9745488,0.0100509785,0.015400177
272,id_8dbdn90bmg.jpg,0.2019065,0.7888524,0.009241182
273,id_8fbilb09da.jpg,0.06070684,0.28370577,0.6555874
274,id_8gyccu6fn0.jpg,0.09553422,0.89784753,0.006618289
275,id_8h2vdiwjnf.jpg,0.9199996,0.075167105,0.0048332717
276,id_8i3h5j0qqd.jpg,0.79482573,0.014721162,0.1904531
277,id_8iwoos555d.jpg,0.943938,0.024372473,0.0316895
278,id_8j9vk5ljpd.jpg,0.03234968,0.8589766,0.108673684
279,id_8jsjliuxmu.jpg,0.98799944,0.0011892666,0.010811308
280,id_8kctxkxhml.jpg,0.0405305,0.9449109,0.014558669
281,id_8km8v0obx1.jpg,0.08722924,0.033052128,0.87971866
282,id_8l7f4q4tfu.jpg,0.9979378,0.0002892837,0.0017729679
283,id_8mja6ti650.jpg,0.98887557,0.009159713,0.0019647228
284,id_8nlg2xb2is.jpg,0.9980513,0.00034871243,0.0016000035
285,id_8o5a4nezxp.jpg,0.9942267,0.0051677944,0.000605516
286,id_8odmdfi7iz.jpg,0.026770318,0.8913933,0.081836306
287,id_8oeekx1062.jpg,0.17743164,0.043421026,0.77914727
288,id_8qcbpzadoy.jpg,0.75478625,0.23294681,0.0122669395
289,id_8u35quh9ds.jpg,0.9643117,0.020738268,0.01495004
290,id_8u7pccetfi.jpg,0.15271145,0.0155529175,0.8317356
291,id_8x569866pb.jpg,0.9907311,0.008336193,0.00093277445
292,id_8xkrg1bywr.jpg,0.17889646,0.752845,0.06825855
293,id_8ycgxgfq0k.jpg,0.062276572,0.93345636,0.0042670937
294,id_8yrscp6yel.jpg,0.0028142491,0.95960784,0.037577897
295,id_90e92xfixp.jpg,0.4276762,0.56801707,0.004306734
296,id_92arb6rtbu.jpg,0.9804934,0.0154391695,0.004067449
297,id_947llr07l1.jpg,0.8855917,0.10946518,0.004943149
298,id_94ppy8gtdn.jpg,0.9993247,0.00040764315,0.00026768682
299,id_95b0liwdh6.jpg,0.9902353,0.0073550306,0.0024096353
300,id_95fcfcgs9d.jpg,0.07889848,0.20294261,0.7181589
301,id_97pniadwxs.jpg,0.08830866,0.90271866,0.008972707
302,id_9b0tkqic6c.jpg,0.99666715,0.0013922518,0.0019407168
303,id_9bayys139l.jpg,0.0119055975,0.08240709,0.90568733
304,id_9bkxkg5uoy.jpg,0.9737314,0.023580423,0.0026881981
305,id_9d8dhe83vo.jpg,0.92575437,0.060227565,0.014018096
306,id_9ds3juieb3.jpg,0.108965,0.040578432,0.8504565
307,id_9f9ptfngd8.jpg,0.98770416,0.0057037286,0.006592187
308,id_9h4oarnpqt.jpg,0.87557423,0.11563161,0.008794174
309,id_9jjb9023hu.jpg,0.840006,0.09273874,0.0672553
310,id_9ld00xwmon.jpg,0.98909485,0.009153893,0.001751296
311,id_9llets503b.jpg,0.11663596,0.7775575,0.105806574
312,id_9m34n8cvbl.jpg,0.144574,0.04442122,0.8110048
313,id_9mgzx3qt4q.jpg,0.9594307,0.038434915,0.002134386
314,id_9mv2eydufl.jpg,0.05376602,0.9454562,0.00077776663
315,id_9rvnit4tfg.jpg,0.18356967,0.8032869,0.013143449
316,id_9ttxex3x1n.jpg,0.25087747,0.39405024,0.35507235
317,id_9tv6ronz0p.jpg,0.33240858,0.6042151,0.06337635
318,id_9u0y2bplx6.jpg,0.05121831,0.94763815,0.0011435283
319,id_9ur6z0mqjz.jpg,0.23319623,0.7496342,0.017169675
320,id_9vblo6pawj.jpg,0.96894145,0.016761592,0.014297053
321,id_9w55e1oeq0.jpg,0.21196532,0.72347116,0.06456359
322,id_9w8geyv8cu.jpg,0.9977672,0.0003722398,0.0018604975
323,id_9wlo4kff0i.jpg,0.9979589,0.0006243342,0.0014168283
324,id_9x4ntjf2eh.jpg,0.73258805,0.1754663,0.09194577
325,id_9z91cgtyhs.jpg,0.008299346,0.9824001,0.009300572
326,id_9zrgq5uefl.jpg,0.95682466,0.04210604,0.0010692535
327,id_a0ts2x3lsv.jpg,0.97687685,0.002696866,0.0204263
328,id_a1p9xlqr38.jpg,0.9934603,0.003295188,0.0032444738
329,id_a1zi5dpo4s.jpg,0.9784107,0.01413103,0.0074583413
330,id_a5eboqjxsk.jpg,0.944715,0.037203193,0.018081702
331,id_a9m30sts7b.jpg,0.90005755,0.09180827,0.008134252
332,id_a9ry0a9y9q.jpg,0.9641542,0.03541393,0.00043187581
333,id_abd0ket6gk.jpg,0.8366654,0.13034718,0.032987468
334,id_abfj1weg4d.jpg,0.0036066105,0.958132,0.03826145
335,id_act04m6s7j.jpg,0.07171078,0.0152348,0.91305447
336,id_adungoii3n.jpg,0.208009,0.0028666693,0.7891243
337,id_ah065qab4g.jpg,0.033673864,0.055800203,0.9105259
338,id_ahlsbyn84z.jpg,0.9946698,0.0044882945,0.00084195717
339,id_aj2mhyiljl.jpg,0.35936892,0.6396636,0.0009674919
340,id_ajrr2ffz45.jpg,0.0024117574,0.9944625,0.0031258618
341,id_ak7by8s6xx.jpg,0.13532364,0.35993803,0.50473833
342,id_akgn1czug4.jpg,0.7810445,0.09439919,0.12455644
343,id_almuemp2a0.jpg,0.94283414,0.047059983,0.010105961
344,id_amrw6zrz3c.jpg,0.11982603,0.7094317,0.17074227
345,id_an9lszlckm.jpg,0.9011971,0.0727085,0.02609443
346,id_aoixbpjvvq.jpg,0.7665557,0.19564804,0.037796192
347,id_apl5hbz964.jpg,0.07267041,0.80430126,0.123028375
348,id_apmoqofvcn.jpg,0.9840177,0.004916856,0.011065454
349,id_aprrkmjoli.jpg,0.038985685,0.895754,0.06526034
350,id_ark2usd7u8.jpg,0.12934196,0.7913337,0.07932444
351,id_arsg8nwnez.jpg,0.10713197,0.84640265,0.046465427
352,id_askxpsiynp.jpg,0.9842322,0.002510679,0.01325727
353,id_at5zd8zdot.jpg,0.8223954,0.093540154,0.084064454
354,id_au351ozt0u.jpg,0.9963676,0.0025409283,0.0010914464
355,id_aubznv8khr.jpg,0.16573334,0.10884383,0.72542286
356,id_avn1ejzmvs.jpg,0.16529006,0.8133782,0.021331683
357,id_avo9syteav.jpg,0.99898887,0.0004827811,0.0005283616
358,id_avp0xvzsef.jpg,0.03925146,0.039888293,0.9208603
359,id_avy4f1aml0.jpg,0.99872947,0.0001639348,0.001106573
360,id_aw9y79nutx.jpg,0.01789966,0.9808792,0.0012211386
361,id_axlte8dtxc.jpg,0.70081496,0.28684285,0.012342225
362,id_ay3hzdsf41.jpg,0.20241246,0.7956365,0.001951156
363,id_b15h3wr363.jpg,0.07275657,0.03097071,0.8962727
364,id_b19jeif9q2.jpg,0.06552615,0.8133957,0.12107823
365,id_b38ee2otk3.jpg,0.121065244,0.70633817,0.17259665
366,id_b4m778w81r.jpg,0.98192704,0.011292145,0.0067809285
367,id_b5fn6xymr7.jpg,0.99955684,0.00016732354,0.00027584675
368,id_b68zqqxb16.jpg,0.9650327,0.022495653,0.012471665
369,id_b6guqa4jqp.jpg,0.991079,0.003927433,0.0049935915
370,id_b9l1y6pkri.jpg,0.9333756,0.047280442,0.01934402
371,id_bazikoi5h9.jpg,0.99442744,0.0011214663,0.0044512325
372,id_bb91jp6pg4.jpg,0.073862016,0.72720546,0.1989325
373,id_bc5p9me7ku.jpg,0.9821075,0.012145491,0.0057469765
374,id_bce4iyojch.jpg,0.9897282,0.008197207,0.0020746137
375,id_bekoxyehov.jpg,0.87020135,0.11504272,0.014756005
376,id_bgj44bvut4.jpg,0.99783456,0.00034163747,0.0018237855
377,id_bkrke3vo57.jpg,0.6401717,0.026594516,0.33323377
378,id_blscjxidu6.jpg,0.8946434,0.011373988,0.09398258
379,id_blx62wltrk.jpg,0.29193577,0.013982016,0.69408226
380,id_bmir6gcods.jpg,0.95366746,0.036498267,0.00983426
381,id_bmwp4rr84y.jpg,0.99546516,0.002038066,0.0024968341
382,id_bnyrssm9kj.jpg,0.14021572,0.7102243,0.14956006
383,id_borot9b0dn.jpg,0.90701133,0.007490741,0.08549797
384,id_bouwtc3thv.jpg,0.8025717,0.008963143,0.18846522
385,id_bpy1vkc436.jpg,0.0244592,0.19714037,0.7784004
386,id_bq60p3aqo8.jpg,0.055020776,0.27856714,0.6664121
387,id_bs01v3crns.jpg,0.9272337,0.04840567,0.024360698
388,id_bs0rwp1kmc.jpg,0.85827047,0.1329381,0.008791463
389,id_btc44m5ven.jpg,0.91326237,0.055369098,0.031368554
390,id_btipo9ojnr.jpg,0.9901242,0.0055717127,0.004304102
391,id_bucgp90ug4.jpg,0.9756465,0.02238516,0.0019683447
392,id_bun8uetq9r.jpg,0.9845481,0.0047947685,0.010657202
393,id_bx77h99p3j.jpg,0.05856449,0.02081542,0.9206201
394,id_bxgijj96cq.jpg,0.18928578,0.7991171,0.011597128
395,id_by3qnznp3v.jpg,0.16883597,0.029280946,0.8018831
396,id_bybbtlbxoo.jpg,0.30908936,0.057051785,0.6338589
397,id_byyn5oxwj8.jpg,0.88360023,0.01952163,0.096878216
398,id_c0atby9mg0.jpg,0.37857234,0.5864415,0.03498613
399,id_c0iobr5lyv.jpg,0.93897057,0.057410292,0.003619192
400,id_c30q46dzkg.jpg,0.69930434,0.11493395,0.18576182
401,id_c3p4zaeafj.jpg,0.5723174,0.2129763,0.21470635
402,id_c3x8zs9kh3.jpg,0.12333313,0.7057369,0.17093006
403,id_c6r902u1yc.jpg,0.1346162,0.7471476,0.11823624
404,id_c8ccb7p1ny.jpg,0.9794384,0.011171471,0.009390126
405,id_c8zqlaoscm.jpg,0.008953535,0.9616568,0.029389644
406,id_c996aefk2b.jpg,0.92436516,0.06477627,0.010858666
407,id_ca1ulb7phu.jpg,0.98483557,0.012622649,0.0025418443
408,id_carqo16fzo.jpg,0.9095331,0.007524179,0.0829428
409,id_cbrq69l0b7.jpg,0.012558365,0.98221076,0.005230937
410,id_cc26n7gl0l.jpg,0.05899532,0.9402016,0.00080317643
411,id_cdf888g19t.jpg,0.06558567,0.12509352,0.80932087
412,id_cdphzwxh66.jpg,0.9514093,0.021406874,0.027183853
413,id_cguvv909pj.jpg,0.19480647,0.6583551,0.14683846
414,id_cho3e7kmmf.jpg,0.9581086,0.034969836,0.006921572
415,id_chyxorazcg.jpg,0.0529899,0.73583984,0.21117024
416,id_cl2tro0krc.jpg,0.7279389,0.26099095,0.011070164
417,id_cmo5mn34bk.jpg,0.79045105,0.20126155,0.008287445
418,id_cmz1pqyyqa.jpg,0.8552669,0.1441031,0.0006300571
419,id_cntxv782n4.jpg,0.0017763681,0.10434959,0.89387405
420,id_cqbm5ybp7n.jpg,0.84008235,0.13354197,0.026375659
421,id_cr4pbofie3.jpg,0.0039381636,0.9021174,0.09394449
422,id_cs7276ypgk.jpg,0.047951512,0.80348754,0.14856103
423,id_csvb9gfj1x.jpg,0.54950494,0.13187163,0.31862348
424,id_cvoa3cg9ts.jpg,0.9868742,0.006569843,0.0065559237
425,id_cx1pdelwqg.jpg,0.88628674,0.019053262,0.09466008
426,id_cx89v8zdf5.jpg,0.3008611,0.24607915,0.45305982
427,id_cxbujzrztd.jpg,0.90276843,0.09462669,0.002604804
428,id_cyxg6svpq1.jpg,0.88412523,0.007651783,0.10822298
429,id_cyzjic2qj0.jpg,0.105607785,0.7992399,0.09515232
430,id_cz5uxriepb.jpg,0.8722346,0.007813544,0.119951874
431,id_d1gzo6e0hj.jpg,0.3058158,0.64433575,0.049848463
432,id_d2uwba98h4.jpg,0.88779485,0.065446556,0.0467587
433,id_d3cjyfbkie.jpg,0.99677134,0.0012168366,0.0020119161
434,id_d6qf53mzm2.jpg,0.9670247,0.02950062,0.0034747608
435,id_d74qdjo8h9.jpg,0.6291797,0.36337894,0.00744139
436,id_d7c0hi3hwf.jpg,0.95472884,0.041212134,0.004059026
437,id_d9xcc459wg.jpg,0.83523107,0.029026164,0.13574281
438,id_daklqs117p.jpg,0.82334965,0.02309555,0.15355483
439,id_dblple11hr.jpg,0.34290215,0.057041816,0.60005605
440,id_ddmx12ft9u.jpg,0.12971221,0.8526809,0.01760692
441,id_ddrsh911b6.jpg,0.6425531,0.020944506,0.3365024
442,id_del50nmcl7.jpg,0.51393086,0.27590793,0.21016121
443,id_detmragq4s.jpg,0.97475374,0.0206213,0.0046250196
444,id_di6wafk673.jpg,0.9148197,0.074971125,0.010209245
445,id_dibgx1qvt2.jpg,0.8198953,0.16341422,0.016690496
446,id_dj3f1qlo8i.jpg,0.95449114,0.036916334,0.008592551
447,id_djuswm9bh4.jpg,0.42192513,0.53623724,0.041837674
448,id_dkbp68fw0g.jpg,0.11929417,0.87245166,0.008254217
449,id_dmxy8ool65.jpg,0.21161036,0.38626423,0.40212542
450,id_dn8sz7kp6g.jpg,0.32157612,0.1802542,0.4981697
451,id_do5ngonibi.jpg,0.445088,0.47478,0.08013201
452,id_dqoccypgid.jpg,0.7089999,0.2832566,0.007743602
453,id_drqjqdgwbr.jpg,0.10653829,0.88383925,0.009622531
454,id_drx0i4qjoo.jpg,0.97713614,0.014451933,0.008411968
455,id_dsbrupm1cr.jpg,0.9811585,0.0037775156,0.015064043
456,id_dswv82x2xn.jpg,0.9088056,0.08900965,0.0021847342
457,id_dtkyk51t7d.jpg,0.9064096,0.035279687,0.058310762
458,id_duo0yh6v3g.jpg,0.82554543,0.13116881,0.04328583
459,id_dvcbb85xlr.jpg,0.96838844,0.015160219,0.01645137
460,id_dvr5tk922c.jpg,0.4909981,0.50693727,0.0020646607
461,id_dvrwax0ptk.jpg,0.59877855,0.2056295,0.195592
462,id_dz5g9suhtw.jpg,0.004984757,0.043194003,0.9518212
463,id_e0qlh51fu9.jpg,0.9270791,0.048126794,0.024794202
464,id_e1jrl8ckio.jpg,0.84539413,0.11834262,0.036263272
465,id_e1prlfbkna.jpg,0.0321049,0.93369746,0.034197714
466,id_e2b4bad2fs.jpg,0.049282853,0.94273895,0.007978198
467,id_e2cqw2vllh.jpg,0.62918186,0.30117378,0.06964444
468,id_e2rjq3xl4b.jpg,0.005679659,0.97347796,0.020842426
469,id_e4id92jojc.jpg,0.806048,0.1914499,0.0025021436
470,id_e5xd02ur86.jpg,0.99277973,0.0045866827,0.0026336196
471,id_e652ocdak4.jpg,0.9756781,0.0052734334,0.019048544
472,id_e6k39e88b4.jpg,0.97093105,0.020220533,0.008848366
473,id_e7gc2uew96.jpg,0.012214359,0.978157,0.009628706
474,id_e88h986b7j.jpg,0.93901587,0.057090856,0.0038933791
475,id_e8vij3aomx.jpg,0.9374074,0.031557072,0.031035552
476,id_e9uh1mx5x6.jpg,0.14378315,0.8418822,0.014334638
477,id_ecvgtyw1zc.jpg,0.41539186,0.58104026,0.0035679224
478,id_edfet6aiir.jpg,0.35341626,0.054041296,0.59254247
479,id_efcc8cqlws.jpg,0.049426652,0.1711368,0.7794366
480,id_efjpvf6ooh.jpg,0.12510692,0.048660573,0.8262325
481,id_eg1tfifjeq.jpg,0.8660665,0.11413237,0.01980117
482,id_egxnoy01ts.jpg,0.070265874,0.84189105,0.0878431
483,id_ei7966665t.jpg,0.9978094,0.0016776293,0.0005130435
484,id_eimc4saxzn.jpg,0.8123908,0.0123546105,0.17525467
485,id_ejcg1mhr5c.jpg,0.7076801,0.29019624,0.002123724
486,id_el7ue70uej.jpg,0.778615,0.02485077,0.19653432
487,id_emeryr8qky.jpg,0.9325636,0.015473,0.051963422
488,id_enpt3c9mep.jpg,0.002049162,0.98762465,0.010326231
489,id_ep446lk61d.jpg,0.35491946,0.6177426,0.027337965
490,id_esdbbgwidn.jpg,0.11030133,0.051039517,0.83865917
491,id_etfht8f6a2.jpg,0.1931917,0.7610927,0.045715686
492,id_ewak96titm.jpg,0.9984166,0.00082268514,0.00076078164
493,id_exbcejid16.jpg,0.97119546,0.018392934,0.010411654
494,id_exx29m2f5j.jpg,0.800997,0.13227682,0.06672618
495,id_exyqtbcoxl.jpg,0.8116324,0.048156004,0.14021164
496,id_eyen48qlhc.jpg,0.97259796,0.0069019906,0.02050014
497,id_ezkj6zgrre.jpg,0.0024885354,0.9844706,0.0130408425
498,id_f0rirecsn9.jpg,0.7918621,0.06896156,0.13917638
499,id_f24poeux0q.jpg,0.94014126,0.027982045,0.03187666
500,id_f26ltr4l28.jpg,0.93128014,0.024059905,0.044660106
501,id_f3vj2zfokq.jpg,0.22501639,0.011643975,0.76333964
502,id_f47g7y9ot2.jpg,0.062825575,0.013100623,0.92407376
503,id_f4fi9o3le6.jpg,0.04892747,0.8907038,0.060368735
504,id_f5adctkdqm.jpg,0.123983294,0.69780904,0.17820771
505,id_f6337bv7g3.jpg,0.9434598,0.004006902,0.052533377
506,id_f6gpnjnflw.jpg,0.3443204,0.14718324,0.5084964
507,id_f7sd78r9w0.jpg,0.9121219,0.07025013,0.017627932
508,id_f7u2i6v3p1.jpg,0.95247805,0.04105256,0.0064694616
509,id_f8omw0t1gf.jpg,0.43731666,0.0073328763,0.55535054
510,id_f94x3kmvyu.jpg,0.030970637,0.88098073,0.08804862
511,id_f9wa31xwh0.jpg,0.90940374,0.088706985,0.0018892956
512,id_f9xzi2577a.jpg,0.016072797,0.9637882,0.020138968
513,id_fae51s7h45.jpg,0.96130866,0.00985869,0.028832687
514,id_falxfhtpdw.jpg,0.9840261,0.011679731,0.0042942488
515,id_fdal71yl52.jpg,0.12400865,0.86592513,0.010066263
516,id_ffs12vyhkw.jpg,0.9493754,0.04895828,0.0016663115
517,id_fg13uzygdz.jpg,0.037447814,0.14082178,0.8217304
518,id_fgedgzq6ev.jpg,0.022616686,0.9715551,0.005828252
519,id_fi9cn5vrtj.jpg,0.33611867,0.6592977,0.0045836647
520,id_fiqduhapcz.jpg,0.13941613,0.75285566,0.10772829
521,id_fj1r8bdghm.jpg,0.9431205,0.037508927,0.019370569
522,id_fj7md3zas2.jpg,0.93162704,0.021172676,0.047200285
523,id_fkkb5dcuig.jpg,0.81627136,0.17867796,0.0050507155
524,id_fl3t3nfzml.jpg,0.07503903,0.04364621,0.88131475
525,id_fo95m3q1x7.jpg,0.96058416,0.030124353,0.009291505
526,id_fq6blx7mhi.jpg,0.008008357,0.009756702,0.982235
527,id_fqj7ulkrw7.jpg,0.14496279,0.83438456,0.020652674
528,id_fqq8i9eaqq.jpg,0.13341074,0.7722565,0.094332814
529,id_fr37b0ekxk.jpg,0.18042631,0.6990494,0.12052432
530,id_fse2430d0l.jpg,0.86125076,0.10955763,0.02919158
531,id_fsybyty8h5.jpg,0.76890457,0.01590344,0.21519202
532,id_fusrwqj2hq.jpg,0.028139785,0.97124374,0.0006164728
533,id_fvpfi4xmot.jpg,0.98974663,0.0069645485,0.0032888143
534,id_fxphky513b.jpg,0.26202628,0.7354657,0.0025080843
535,id_fzpcrlzhul.jpg,0.43547863,0.18154135,0.38298005
536,id_g1eq7wvrt8.jpg,0.98089564,0.005430649,0.013673794
537,id_g3xn35cghp.jpg,0.061866462,0.78111154,0.157022
538,id_g4ug9vqbd5.jpg,0.8097733,0.0026795296,0.1875472
539,id_gb596fx9gc.jpg,0.023020191,0.9595057,0.017474078
540,id_gbmfakbcdl.jpg,0.75910133,0.22343855,0.01746015
541,id_gexbz8xbbp.jpg,0.09907435,0.84377456,0.057151124
542,id_gfg2gev6my.jpg,0.97948545,0.016157247,0.0043573338
543,id_gfktmz0qeh.jpg,0.005859535,0.0052462583,0.98889434
544,id_gjloe548h5.jpg,0.1871175,0.8087033,0.004179217
545,id_gkzx64iwyd.jpg,0.9912978,0.005423024,0.003279226
546,id_gmgxcrq2t7.jpg,0.99263036,0.005356582,0.002013118
547,id_gnl5bn3rn6.jpg,0.11324749,0.74964505,0.13710755
548,id_goucryjdwq.jpg,0.90465355,0.09040994,0.004936545
549,id_gp4vo6ez94.jpg,0.8969461,0.06988044,0.033173595
550,id_gq1466j51f.jpg,0.98262656,0.015020456,0.0023529925
551,id_gqqyudghzn.jpg,0.96111214,0.024902426,0.013985414
552,id_gqwmw1xp1u.jpg,0.011177061,0.010649334,0.9781736
553,id_gsdskbip59.jpg,0.94488573,0.033207636,0.021906605
554,id_gse4bshs1a.jpg,0.012255702,0.0069792424,0.9807651
555,id_gsplbfqt1e.jpg,0.9374229,0.008939045,0.05363819
556,id_gv448jdur1.jpg,0.049347408,0.8983321,0.05232055
557,id_h283ew9pks.jpg,0.005454704,0.9269121,0.067633204
558,id_h2i1p2cyli.jpg,0.9497836,0.034056563,0.016159832
559,id_h317b8qvv6.jpg,0.04308497,0.92859495,0.028320123
560,id_h35g3ky6pr.jpg,0.045715608,0.6567794,0.29750505
561,id_hc8iljg6yo.jpg,0.9820963,0.014816782,0.0030869262
562,id_hcmn4gh7z6.jpg,0.9735415,0.010999798,0.015458762
563,id_hcsn3irehh.jpg,0.9258076,0.051501613,0.022690888
564,id_hfa3z6tgwk.jpg,0.012509228,0.030625,0.9568659
565,id_hfe19yb7ej.jpg,0.9862411,0.012882294,0.0008767067
566,id_hgdbjm7371.jpg,0.30868626,0.055398777,0.635915
567,id_hi22zpzttf.jpg,0.4243674,0.01811593,0.55751675
568,id_higuw25bka.jpg,0.33140025,0.66723216,0.0013676309
569,id_hiht8zpw6y.jpg,0.9374776,0.016144613,0.046377804
570,id_hni7m73rw2.jpg,0.16474593,0.70874333,0.12651074
571,id_hnqkt8oxu2.jpg,0.9923295,0.00571413,0.0019564184
572,id_hoex385mr8.jpg,0.018808555,0.004811746,0.97637975
573,id_hrn0dpvzrd.jpg,0.028621245,0.026949853,0.9444289
574,id_hruzjdkra1.jpg,0.9987284,0.00084920315,0.00042242964
575,id_hssgsuxl0q.jpg,0.8384892,0.02350913,0.13800177
576,id_htx4azs6ls.jpg,0.8031939,0.17745027,0.019355774
577,id_hudg4kgstg.jpg,0.008715119,0.98063123,0.01065362
578,id_hup2etcyum.jpg,0.021889782,0.9521915,0.025918722
579,id_hwhrkqdxjz.jpg,0.09647235,0.90090835,0.0026193769
580,id_hwm1vf4ddd.jpg,0.01097725,0.88313735,0.105885416
581,id_i1gmtoe1h9.jpg,0.12109286,0.71366394,0.16524325
582,id_i2sksjcifv.jpg,0.09382614,0.8834616,0.02271225
583,id_i3fsnogh5m.jpg,0.16288237,0.82745075,0.009666954
584,id_i4nn7mnpus.jpg,0.85070324,0.14279059,0.0065061776
585,id_i5abphac7v.jpg,0.9577848,0.03936651,0.00284878
586,id_i6c9umw8sn.jpg,0.06352389,0.15815344,0.7783227
587,id_i6rzq0vi43.jpg,0.9919566,0.005540314,0.0025031653
588,id_i81ayuiv6u.jpg,0.06079837,0.027298167,0.9119035
589,id_i8eoisybxv.jpg,0.9205911,0.076027215,0.0033817287
590,id_ianx9b8tiy.jpg,0.9840077,0.007171405,0.008820816
591,id_iap17yol68.jpg,0.008051063,0.053215478,0.93873346
592,id_ibhb4afjv9.jpg,0.08038271,0.022881968,0.89673537
593,id_idptvpe36v.jpg,0.16434905,0.119077794,0.71657324
594,id_ifboregp9u.jpg,0.94964814,0.02172568,0.028626205
595,id_ifqwwkaiei.jpg,0.99431276,0.0011236784,0.004563552
596,id_igdfxxyfsu.jpg,0.95192355,0.04653509,0.0015413753
597,id_ih5nvehfkl.jpg,0.80270064,0.19577199,0.001527431
598,id_ii2y55xu9u.jpg,0.8307118,0.11950919,0.04977911
599,id_iihyl0w2dk.jpg,0.8672615,0.10417333,0.028565107
600,id_iizqm4nkxh.jpg,0.02854314,0.023325814,0.9481311
601,id_ikihlt6xjs.jpg,0.9991966,0.00033390376,0.00046952115
602,id_im66qymqnu.jpg,0.883471,0.046828885,0.069700144
603,id_immgoa1u25.jpg,0.96221983,0.029314125,0.008466145
604,id_inoi7ud9bt.jpg,0.016301582,0.9648231,0.018875334
605,id_inox4crld4.jpg,0.022503067,0.96803164,0.009465324
606,id_ioeltwwdfm.jpg,0.23926184,0.3728954,0.38784283
607,id_iom63fwkpf.jpg,0.09898673,0.8202243,0.08078909
608,id_ipaerj0ehn.jpg,0.9661689,0.025139844,0.0086913705
609,id_ipwqvv84dt.jpg,0.8459259,0.12199888,0.032075178
610,id_irm15i7xl5.jpg,0.9251606,0.06674096,0.008098446
611,id_irv1v3m76m.jpg,0.013395929,0.21082577,0.7757783
612,id_iryz97ll9y.jpg,0.9735971,0.025529385,0.0008735462
613,id_isyh6ku6sl.jpg,0.112799145,0.22932677,0.65787417
614,id_it0rzf0hgx.jpg,0.10515179,0.81467324,0.08017498
615,id_it6sxlhgr4.jpg,0.13060334,0.8372128,0.0321839
616,id_itzrgxgyio.jpg,0.8490772,0.14800382,0.0029190248
617,id_ivjhsm7cz3.jpg,0.50350183,0.29614124,0.20035698
618,id_iwh76wfcek.jpg,0.69814765,0.29913983,0.0027125175
619,id_iwvfcymq9k.jpg,0.27266747,0.09129454,0.636038
620,id_ixohx0x7fx.jpg,0.042650387,0.07612772,0.8812219
621,id_iz5cbv0k1r.jpg,0.9916112,0.0073318835,0.0010569365
622,id_j13u6s5efv.jpg,0.9218418,0.062325425,0.015832786
623,id_j24l5grdx8.jpg,0.7179533,0.19429348,0.08775324
624,id_j3568trarc.jpg,0.89794356,0.09986321,0.0021932975
625,id_j770ua3qw3.jpg,0.9798777,0.016497593,0.00362464
626,id_j9vqx1xxjd.jpg,0.07892931,0.91144717,0.009623554
627,id_jat5ystlf4.jpg,0.99857223,0.000828984,0.00059888244
628,id_jbo4bwxjyv.jpg,0.8601458,0.13760275,0.0022514733
629,id_jc7x3u6jzq.jpg,0.91357124,0.06875555,0.017673312
630,id_jcld4apors.jpg,0.018381745,0.9423722,0.039246023
631,id_jdgto3xkkw.jpg,0.019417536,0.91883326,0.061749324
632,id_jf35ye8yyu.jpg,0.1240679,0.86757445,0.008357717
633,id_jg82ghmuqk.jpg,0.34985232,0.6262015,0.023946198
634,id_ji9d6406fm.jpg,0.99393857,0.0002413875,0.0058200723
635,id_jir9ukg4k6.jpg,0.13747872,0.27995372,0.5825675
636,id_jl0zs4392j.jpg,0.033591628,0.00590875,0.96049964
637,id_jmug08j2dx.jpg,0.50098085,0.019514997,0.4795042
638,id_joluroir8v.jpg,0.056979604,0.8957901,0.04723037
639,id_jpzdade8hn.jpg,0.9829722,0.015103539,0.0019242975
640,id_jq20cab2em.jpg,0.8947339,0.0058076605,0.099458374
641,id_jt6ejdwsaa.jpg,0.835753,0.051504016,0.112743035
642,id_jtfnfvf2qv.jpg,0.93130547,0.006045811,0.06264876
643,id_jtz76x52jp.jpg,0.61698186,0.07063932,0.31237888
644,id_jva140h7wl.jpg,0.2411222,0.605217,0.15366088
645,id_jyt1do8d3r.jpg,0.93157595,0.04953074,0.018893331
646,id_jz5v7tbbo5.jpg,0.99075305,0.00865371,0.0005933011
647,id_jzw08xfv6p.jpg,0.0033864775,0.03429236,0.9623212
648,id_k06dsv2byl.jpg,0.98001254,0.018846475,0.0011410249
649,id_k137xcbea9.jpg,0.9445878,0.010852447,0.04455977
650,id_k1647qf4se.jpg,0.12854624,0.08208808,0.78936577
651,id_k1ple8xw7k.jpg,0.9468516,0.041820798,0.01132762
652,id_k286pi6nmr.jpg,0.06564253,0.8400202,0.09433738
653,id_k4d4kbx7yh.jpg,0.91034794,0.07853755,0.011114555
654,id_k5akvyy5h9.jpg,0.9429157,0.021572901,0.035511523
655,id_k64822af5l.jpg,0.9240711,0.004047483,0.07188143
656,id_k67n77588b.jpg,0.9817886,0.013164267,0.005047238
657,id_k7eur6kpbx.jpg,0.11896596,0.8513608,0.029673291
658,id_k8jmmhh99t.jpg,0.030408613,0.95995796,0.009633489
659,id_k8knp8lm11.jpg,0.769012,0.16304582,0.06794222
660,id_k8ldaf6iji.jpg,0.9976803,0.0012421407,0.0010775882
661,id_k9u4k0s7zw.jpg,0.081643395,0.8810756,0.037281074
662,id_kac6myb4rp.jpg,0.9171943,0.023477102,0.059328612
663,id_kagc4maon9.jpg,0.02224285,0.97385323,0.0039038889
664,id_kcxpnf02ra.jpg,0.99585176,0.0031894876,0.0009588463
665,id_kd37zpjtqn.jpg,0.12221893,0.81271636,0.06506473
666,id_kddeefsm3e.jpg,0.9658828,0.0066440525,0.027473249
667,id_kdnmofmnkg.jpg,0.98209214,0.008079,0.009828938
668,id_kegjaspgx8.jpg,0.03606728,0.93272847,0.031204337
669,id_keiqprscwm.jpg,0.12481156,0.86848366,0.00670484
670,id_kez0xk5n6x.jpg,0.042681925,0.9512658,0.0060522864
671,id_kg4zhrp0l8.jpg,0.9532129,0.0409684,0.0058187167
672,id_kgmhntdh16.jpg,0.049438495,0.94849414,0.0020674272
673,id_khqae1m4o6.jpg,0.9985083,0.00032413093,0.0011676385
674,id_kidt6ecu2q.jpg,0.98301834,0.00530808,0.011673609
675,id_kj5t8u1bo4.jpg,0.00248711,0.8749718,0.12254112
676,id_kj9trdlawq.jpg,0.8903744,0.10148864,0.008137038
677,id_kjjjs4s0wb.jpg,0.9854715,0.008683464,0.005845083
678,id_kkhk81dpbq.jpg,0.99434483,0.0036685453,0.001986628
679,id_kkr3bzscyw.jpg,0.93683505,0.036050465,0.027114455
680,id_klh92u4wji.jpg,0.99269485,0.005819675,0.0014853973
681,id_kn9xftvrnn.jpg,0.9084158,0.08918626,0.0023979838
682,id_knzf9k8t6z.jpg,0.98840547,0.003596303,0.0079983
683,id_kor62boy63.jpg,0.9650725,0.030474775,0.0044528022
684,id_kp1oc62sv6.jpg,0.84430134,0.14175811,0.013940551
685,id_kphfc1xvjm.jpg,0.055473357,0.88275933,0.06176733
686,id_kps04br8xx.jpg,0.23202713,0.07635222,0.6916207
687,id_kr4micn1pa.jpg,0.049808305,0.8372351,0.112956665
688,id_krdrytjgoq.jpg,0.023577904,0.022917723,0.9535044
689,id_ksr4ggwh8f.jpg,0.06533907,0.9285176,0.006143381
690,id_ktg97eo3b7.jpg,0.97061384,0.012074472,0.017311659
691,id_ktifutackp.jpg,0.76347554,0.020161416,0.2163631
692,id_ku16t864ke.jpg,0.6770588,0.30859277,0.014348404
693,id_kuk3hptm3d.jpg,0.010093696,0.97660875,0.013297623
694,id_kw3e0h0qo0.jpg,0.006014006,0.025404189,0.9685819
695,id_kw5a95jiyw.jpg,0.16269808,0.7224953,0.114806674
696,id_kwevugay3c.jpg,0.078549005,0.91930085,0.002150157
697,id_l0wsj10x2s.jpg,0.3283089,0.2972445,0.37444663
698,id_l2cgrkhmzl.jpg,0.0076405993,0.110487685,0.88187176
699,id_l2wjciy2k9.jpg,0.053699147,0.931661,0.014639887
700,id_l3j0xm05w3.jpg,0.93715465,0.046605587,0.016239742
701,id_l613kk54tv.jpg,0.95751524,0.04154189,0.0009430014
702,id_l65bow7k1p.jpg,0.0021221498,0.93518114,0.06269676
703,id_l70nmhf28x.jpg,0.009164722,0.9888561,0.0019792488
704,id_l84qvfs79z.jpg,0.02508473,0.93911004,0.035805263
705,id_l8cdsmu0pd.jpg,0.95917153,0.037443545,0.0033850078
706,id_lapii0xyip.jpg,0.9541577,0.02114885,0.024693474
707,id_lbjlqtfqnu.jpg,0.90447736,0.010101406,0.085421205
708,id_lbqdy2fu1g.jpg,0.04631846,0.94266796,0.011013585
709,id_lc3j081r9f.jpg,0.998585,0.00031764738,0.001097448
710,id_lchpusu9hv.jpg,0.10677773,0.826328,0.06689435
711,id_ld9azbrkn0.jpg,0.08257177,0.9133687,0.004059559
712,id_le0b7a02hg.jpg,0.8716568,0.06721953,0.06112368
713,id_lfz4f0u3hl.jpg,0.9487477,0.049946815,0.0013054921
714,id_lh6c61f5cd.jpg,0.87377125,0.051953334,0.07427545
715,id_lhb8r8cqll.jpg,0.8981295,0.06578814,0.036082365
716,id_lmj087tm0f.jpg,0.36242175,0.59241575,0.045162536
717,id_lmxozg8vh1.jpg,0.0072659627,0.99234504,0.00038907828
718,id_ln1lgvlclh.jpg,0.61906135,0.37270594,0.008232789
719,id_lox3edb73y.jpg,0.88684046,0.0912091,0.02195043
720,id_lpf5rf5cef.jpg,0.9917953,0.0040316377,0.00417302
721,id_lr01knxejc.jpg,0.9923143,0.003717784,0.0039679776
722,id_lre8xfj5a5.jpg,0.026979048,0.9193508,0.053670175
723,id_lupvfru1s3.jpg,0.9043372,0.08108084,0.014581901
724,id_lvihm9ksl3.jpg,0.90921974,0.037590392,0.05318989
725,id_lvnaamsyes.jpg,0.13398762,0.026724983,0.8392874
726,id_lvu5creqox.jpg,0.99617857,0.0025903082,0.0012311554
727,id_lx3fzn27ya.jpg,0.95196307,0.030826407,0.017210534
728,id_lyzus2duc9.jpg,0.8637661,0.09862598,0.03760797
729,id_m08l0bla1p.jpg,0.99436706,0.0018627003,0.0037702213
730,id_m0btlwtdyj.jpg,0.13265762,0.2781673,0.5891751
731,id_m13laeeafg.jpg,0.016641537,0.97719973,0.006158758
732,id_m1kfohhpam.jpg,0.9866786,0.0060607307,0.007260681
733,id_m3dj7pcsfm.jpg,0.08155818,0.8597065,0.058735374
734,id_m4jaqnvn4e.jpg,0.2173617,0.16380103,0.6188373
735,id_m6zfhhia8f.jpg,0.0096852295,0.2097079,0.7806069
736,id_m7symjqnxf.jpg,0.008187792,0.9818692,0.009943046
737,id_m9iq8hfhmn.jpg,0.9930014,0.0055521857,0.0014464655
738,id_madejx2dsj.jpg,0.9270028,0.026526874,0.046470337
739,id_mcfzxboyyi.jpg,0.36507353,0.6102403,0.024686273
740,id_meaye9157o.jpg,0.031309266,0.06924563,0.8994452
741,id_mi7nha96fs.jpg,0.9963218,0.0014512626,0.0022270125
742,id_miqvo2w7sn.jpg,0.22092403,0.76066405,0.018411988
743,id_mjhv8d9dvy.jpg,0.96187705,0.031997513,0.006125455
744,id_ml4dl8w166.jpg,0.042806987,0.94864905,0.008543967
745,id_ml6n0ko1v7.jpg,0.45389456,0.41426748,0.13183802
746,id_mmi9s5q2mv.jpg,0.9844658,0.010000327,0.0055339597
747,id_mo3bdi0ypm.jpg,0.95195067,0.035517342,0.0125320405
748,id_mokkj027bd.jpg,0.01582627,0.6764356,0.30773813
749,id_mor6m75cmr.jpg,0.933391,0.016962681,0.049646363
750,id_mpcuoyvsqq.jpg,0.92860293,0.031858012,0.039539125
751,id_mq9704t67z.jpg,0.9722837,0.026037658,0.0016787028
752,id_mqnbanp0gs.jpg,0.049881533,0.9447293,0.0053891432
753,id_mqz6zwqb19.jpg,0.052425284,0.042520527,0.90505415
754,id_mrjmlw7bim.jpg,0.9289386,0.04899036,0.022071
755,id_mruj8kcxvq.jpg,0.06965018,0.92792666,0.002423187
756,id_msy5wmjs0c.jpg,0.1049722,0.885849,0.0091787325
757,id_mtvik21wb4.jpg,0.061718903,0.7889423,0.14933886
758,id_muy3sik0t3.jpg,0.98878205,0.008621092,0.0025969152
759,id_mwtb56vqrl.jpg,0.116725415,0.64740753,0.23586708
760,id_myal68lj94.jpg,0.9990052,0.00031521547,0.00067960226
761,id_n0x5st1b03.jpg,0.6851934,0.26768714,0.047119457
762,id_n3eoeebe44.jpg,0.8555099,0.008761171,0.13572904
763,id_n4o5bhml2e.jpg,0.07641657,0.08153728,0.84204614
764,id_n92kd0fyhy.jpg,0.2512563,0.33761114,0.41113263
765,id_na7j7fjjo2.jpg,0.94031376,0.031037264,0.028649025
766,id_ne6li8rhp1.jpg,0.0026526442,0.95540535,0.041942053
767,id_nemier4hyh.jpg,0.056039084,0.69620717,0.24775383
768,id_nf4i1zkwzw.jpg,0.91928476,0.07604705,0.0046682768
769,id_nk0q1tl98l.jpg,0.010643357,0.00228637,0.98707026
770,id_nk1if6d55n.jpg,0.9941675,0.0025295846,0.0033029467
771,id_nklzok5d8k.jpg,0.98529434,0.012370632,0.002335018
772,id_nn1llkv5gv.jpg,0.14704745,0.75185025,0.10110233
773,id_nnufk51f82.jpg,0.29297432,0.061840773,0.6451849
774,id_nodua32bev.jpg,0.15515591,0.054972623,0.7898715
775,id_noq73td865.jpg,0.055606596,0.8732903,0.07110313
776,id_np3eck4ztu.jpg,0.15387061,0.33701703,0.5091124
777,id_npob4lecs8.jpg,0.28755644,0.41732973,0.2951139
778,id_nq7a83plut.jpg,0.9291434,0.05699355,0.013862972
779,id_nr0y6saehj.jpg,0.98728466,0.007948397,0.0047669336
780,id_nr3m89kokp.jpg,0.02502079,0.9504701,0.024509199
781,id_nr47vmf0y6.jpg,0.9580396,0.037818562,0.004141878
782,id_nradve23p3.jpg,0.69231105,0.24560528,0.06208369
783,id_nrhzrkxu90.jpg,0.029374951,0.9566227,0.014002316
784,id_ns1z8jq194.jpg,0.35234094,0.30040807,0.34725106
785,id_ns220uzcsi.jpg,0.9359036,0.061098263,0.0029981486
786,id_ntps3uhxsl.jpg,0.14524634,0.036855195,0.8178985
787,id_nvepupqkuu.jpg,0.9175749,0.071114585,0.01131051
788,id_nx75sns47n.jpg,0.92737615,0.057426643,0.01519729
789,id_nxyktb0riq.jpg,0.9814707,0.0060292985,0.012500089
790,id_o02okrgkei.jpg,0.92809534,0.07012821,0.0017765225
791,id_o40xq2l8vb.jpg,0.348401,0.39552408,0.2560749
792,id_o6brmp5kkp.jpg,0.083401375,0.8081931,0.10840561
793,id_o7xwecuwbg.jpg,0.11881822,0.87264,0.0085418
794,id_o92bfuokl9.jpg,0.9291655,0.013365388,0.05746913
795,id_oait28jynd.jpg,0.9984548,0.00089262216,0.000652665
796,id_oarwlp7sl8.jpg,0.9934466,0.0017403994,0.004813041
797,id_ob08w0ebm1.jpg,0.950762,0.039048083,0.010189974
798,id_ob71w2bnop.jpg,0.048627473,0.94393003,0.0074425796
799,id_obzycw4cg5.jpg,0.031821143,0.8625401,0.10563869
800,id_ogbefjp72r.jpg,0.18907419,0.111401424,0.69952446
801,id_oh2que39wy.jpg,0.9225923,0.075004205,0.0024034937
802,id_oh94ko477a.jpg,0.041803464,0.94018304,0.018013552
803,id_ohz8x56i79.jpg,0.8563218,0.04786897,0.09580931
804,id_oli1uj1las.jpg,0.012234122,0.91820157,0.069564365
805,id_om3a8xve6l.jpg,0.015625414,0.22551826,0.7588563
806,id_om7ytfcpls.jpg,0.19065385,0.78973156,0.01961464
807,id_oo1mx5ymtk.jpg,0.98191756,0.009581768,0.008500662
808,id_oohww1e3aa.jpg,0.97991866,0.016330475,0.0037509075
809,id_or2qbpuujw.jpg,0.95947826,0.009059616,0.031462103
810,id_or8godvlwx.jpg,0.87280893,0.019675408,0.107515745
811,id_ou8pq1hzwd.jpg,0.92906916,0.067274176,0.0036566956
812,id_ouq03n3opt.jpg,0.3870613,0.4930703,0.119868405
813,id_oxcs1wnblk.jpg,0.09855777,0.8852993,0.016142929
814,id_oxz95d1qnm.jpg,0.96244,0.011550209,0.026009774
815,id_oyytkl3oa0.jpg,0.91749114,0.073812515,0.008696388
816,id_ozjffwap45.jpg,0.01582275,0.9837053,0.00047192367
817,id_p13pqhe04f.jpg,0.99690986,0.0012296634,0.0018604161
818,id_p3bpzqhhit.jpg,0.99169064,0.0063402313,0.001969234
819,id_p47lz1d5up.jpg,0.6815975,0.2770072,0.04139536
820,id_p6y4n6vn5e.jpg,0.30649164,0.6855072,0.008001236
821,id_p7z5t8nr7f.jpg,0.011795798,0.012494957,0.9757093
822,id_p974tike4b.jpg,0.030317115,0.012438031,0.95724493
823,id_pck11u93dn.jpg,0.13354167,0.13117146,0.7352869
824,id_pdmpgo51zf.jpg,0.061460316,0.9046663,0.03387337
825,id_phv3e7s9vd.jpg,0.99810636,0.0012650589,0.0006285772
826,id_phxagy4y6s.jpg,0.06867235,0.60381126,0.32751635
827,id_pife8wip0b.jpg,0.9517032,0.036766842,0.011529959
828,id_pn7y6g0hjp.jpg,0.02570701,0.0042125382,0.9700805
829,id_pntkpy57se.jpg,0.15891068,0.70147604,0.13961333
830,id_pp24w882ur.jpg,0.10003061,0.1493603,0.7506092
831,id_ppdr0gmt9d.jpg,0.8075373,0.15811619,0.03434655
832,id_pqj40ezo84.jpg,0.91145384,0.08492775,0.0036183815
833,id_psaye5bbmy.jpg,0.08800045,0.8947758,0.017223768
834,id_puhujcukah.jpg,0.93532526,0.027725415,0.03694935
835,id_pwgy33mr4b.jpg,0.91626287,0.06481942,0.018917777
836,id_pwn5e9e1p7.jpg,0.95423806,0.01090786,0.034854032
837,id_pwpzosfvbm.jpg,0.1874738,0.8104112,0.0021150094
838,id_px5m0awyjx.jpg,0.995128,0.0028087967,0.0020631861
839,id_pyhcdjz8o8.jpg,0.9602014,0.035793867,0.0040047867
840,id_pyjq5r512g.jpg,0.84721875,0.029960271,0.12282108
841,id_pzrm28n2bq.jpg,0.9851943,0.014644408,0.00016134031
842,id_q1rjf8ygj8.jpg,0.10845809,0.01312586,0.87841606
843,id_q2517ryv7t.jpg,0.060073003,0.80082595,0.13910112
844,id_q32ayk5adl.jpg,0.14901465,0.017973011,0.83301234
845,id_q3wdq35cv5.jpg,0.9521115,0.040314678,0.0075738803
846,id_q6g4z619ff.jpg,0.991179,0.006104237,0.0027167748
847,id_q7dsadfkfp.jpg,0.15344661,0.7989043,0.047649108
848,id_q8b3e1az0w.jpg,0.99037975,0.0071617537,0.0024584907
849,id_qalbod24ns.jpg,0.024205165,0.90697193,0.068822965
850,id_qbwv3fl351.jpg,0.1211333,0.8750044,0.003862305
851,id_qcbd33fhkd.jpg,0.862424,0.0062290146,0.13134699
852,id_qdw44akx59.jpg,0.3396771,0.48379287,0.1765301
853,id_qdylk3rwsi.jpg,0.98862445,0.0020745753,0.009301003
854,id_qdzqcr85sb.jpg,0.95683515,0.03661168,0.006553167
855,id_qetwm61xjq.jpg,0.116857834,0.62732327,0.2558189
856,id_qh7mb43ea4.jpg,0.28315383,0.6798109,0.037035342
857,id_qhwsn5sjky.jpg,0.0895276,0.7400993,0.17037311
858,id_qjvehdunvp.jpg,0.02414803,0.9655932,0.010258837
859,id_qm0yihlx8r.jpg,0.9967905,0.0021884777,0.0010209988
860,id_qmoz3pj1ki.jpg,0.5187266,0.47034776,0.010925745
861,id_qo5q3bzxum.jpg,0.999037,0.00068023737,0.00028280518
862,id_qp60rugwpz.jpg,0.9458417,0.050219674,0.003938556
863,id_qphv1wsryg.jpg,0.16227056,0.8127756,0.024953889
864,id_qqtf2q8hqu.jpg,0.98973435,0.004800436,0.0054652267
865,id_qspez4tmne.jpg,0.91258895,0.0119686,0.07544251
866,id_quhj73jw7i.jpg,0.8581465,0.13444495,0.007408553
867,id_qv31emc1k3.jpg,0.85356,0.14467232,0.0017677292
868,id_qw8eivp436.jpg,0.99296856,0.001358476,0.0056729955
869,id_qx0p7xr36g.jpg,0.7382191,0.047711186,0.21406977
870,id_qy87hrslg6.jpg,0.9752511,0.013032851,0.011716068
871,id_r0gcaflg0r.jpg,0.72904116,0.054042973,0.21691595
872,id_r0oxjlww33.jpg,0.9775671,0.0070634843,0.015369451
873,id_r1c568gyb7.jpg,0.9015304,0.09421243,0.0042571616
874,id_r2qh78jyob.jpg,0.9985343,0.00077259936,0.0006930479
875,id_r50fyfnzqh.jpg,0.16760391,0.71644616,0.1159499
876,id_r5s3cn4iuq.jpg,0.21237625,0.0332955,0.7543283
877,id_r84o75bud7.jpg,0.057315804,0.068654045,0.87403023
878,id_rb445eugon.jpg,0.9551082,0.031277962,0.013613833
879,id_rcx2w5a6g9.jpg,0.019588327,0.9559941,0.02441752
880,id_reekwcctmj.jpg,0.90446895,0.038529407,0.05700167
881,id_rfy3r8jhtk.jpg,0.88097024,0.05956965,0.059460133
882,id_rgl13ss505.jpg,0.047724053,0.70150006,0.25077593
883,id_rh42otmp8x.jpg,0.9858867,0.004485679,0.009627654
884,id_rhwaelt77b.jpg,0.18600665,0.7812632,0.032730207
885,id_rhxyv62mdq.jpg,0.944959,0.04408802,0.010953062
886,id_rj02n63kp6.jpg,0.9664371,0.029571788,0.0039911633
887,id_rj4wx2zzhp.jpg,0.5728704,0.41900352,0.008126176
888,id_rjb0m0kzrs.jpg,0.101715475,0.8886888,0.0095956605
889,id_rlmqwptg69.jpg,0.9266648,0.069459125,0.0038761552
890,id_rlp1zc40tf.jpg,0.34464198,0.62976885,0.025589209
891,id_rlryrjw5qt.jpg,0.63715494,0.32767785,0.03516724
892,id_rnwysctm75.jpg,0.9680393,0.021563573,0.010397117
893,id_rqd5qo1lpz.jpg,0.98265433,0.013908479,0.003437184
894,id_rr09z2xvu4.jpg,0.9798849,0.01727619,0.0028389946
895,id_rr8c6flpv1.jpg,0.6831111,0.31406334,0.0028255717
896,id_rrbk30r6kh.jpg,0.013549909,0.02429817,0.96215194
897,id_rsgpp32hk6.jpg,0.022173561,0.9325119,0.045314606
898,id_rswpjbk5ea.jpg,0.84450114,0.045574322,0.10992455
899,id_rycjvmjn4k.jpg,0.9992564,0.00029112544,0.00045254792
900,id_rykyhtg5c3.jpg,0.90665096,0.006904654,0.08644442
901,id_rzwjplxtyh.jpg,0.015071806,0.98202777,0.0029004528
902,id_s0wikiu8hn.jpg,0.8979611,0.08611634,0.015922641
903,id_s1av7tc3vw.jpg,0.030198922,0.89086246,0.07893868
904,id_s1ddf6gcj2.jpg,0.79392695,0.08681702,0.119256
905,id_s4sboy3ozh.jpg,0.9966951,0.0003431691,0.0029618046
906,id_s7wudr4fcb.jpg,0.9284191,0.015805516,0.055775415
907,id_s8tnbtoqjb.jpg,0.08012207,0.023795543,0.8960824
908,id_s8vc8sbsz5.jpg,0.1519388,0.84090966,0.007151618
909,id_s8zflbhuvf.jpg,0.108081535,0.8793928,0.012525686
910,id_s9ewsbgwuh.jpg,0.046281513,0.17284402,0.7808745
911,id_s9fqnvn2m4.jpg,0.9978535,0.0011270968,0.001019361
912,id_s9udrx90dy.jpg,0.9615369,0.014978416,0.023484662
913,id_sa5m7o3raa.jpg,0.18382558,0.80481374,0.011360741
914,id_sbwyxqj41t.jpg,0.9264999,0.0675213,0.0059788637
915,id_sd3gb6ksxl.jpg,0.990868,0.00050669257,0.008625338
916,id_sdbv9gvvrf.jpg,0.9159378,0.07990655,0.0041556843
917,id_se3unvvegw.jpg,0.98639894,0.0011142344,0.01248682
918,id_sec433h1se.jpg,0.06583479,0.8949907,0.039174613
919,id_sfr6b6w9ys.jpg,0.8791395,0.11370358,0.0071569686
920,id_sfswc1ko1g.jpg,0.9819239,0.017072454,0.0010036989
921,id_sj80vdw1bu.jpg,0.994714,0.00048227678,0.004803785
922,id_sjbllalhq7.jpg,0.6215083,0.16110817,0.21738358
923,id_snoz9zpjyt.jpg,0.9457413,0.01620196,0.03805673
924,id_snuttkxu9g.jpg,0.97767425,0.01470655,0.0076191803
925,id_sogq5cgbut.jpg,0.8522779,0.14631999,0.0014021837
926,id_soncg0jffg.jpg,0.99088943,0.0021350645,0.006975587
927,id_spsdfjdex9.jpg,0.9561573,0.0023758693,0.041466806
928,id_sqnzvsbune.jpg,0.99010897,0.0034108972,0.006480123
929,id_ssg6xiptba.jpg,0.9226743,0.07665806,0.0006676389
930,id_ste0oewz55.jpg,0.012325935,0.33067083,0.6570033
931,id_sthbo5zefn.jpg,0.04910306,0.87086535,0.080031626
932,id_stwwzttsfk.jpg,0.17810895,0.80667305,0.015217967
933,id_suwetdb7vd.jpg,0.06356722,0.030775756,0.90565705
934,id_swfnvjpg9v.jpg,0.26736778,0.62067056,0.11196169
935,id_szhbo0igbe.jpg,0.040008612,0.89163595,0.06835546
936,id_szljg89lq9.jpg,0.87194955,0.08916736,0.03888315
937,id_t19dc030qz.jpg,0.23313606,0.654537,0.112326965
938,id_t37u1133mm.jpg,0.9451635,0.017574098,0.037262462
939,id_t3ejwleejy.jpg,0.19906956,0.7770881,0.023842327
940,id_t6s3igq9fc.jpg,0.061732113,0.92966664,0.008601251
941,id_t7nfloqibb.jpg,0.050842382,0.02381085,0.92534685
942,id_t8bkohpg52.jpg,0.17675604,0.7931546,0.030089376
943,id_tbra58cfuq.jpg,0.99771905,0.00204794,0.000233045
944,id_tcyupvg1y4.jpg,0.8438668,0.076556176,0.07957707
945,id_tdnddlz0tm.jpg,0.048728243,0.93530595,0.01596589
946,id_tdxkzfymw1.jpg,0.9775051,0.014977786,0.0075172214
947,id_tdzc8ybddv.jpg,0.89555556,0.07527969,0.02916481
948,id_tf63upea5a.jpg,0.9850426,0.0028455532,0.012111882
949,id_tfkf8byes4.jpg,0.017193975,0.35717005,0.62563604
950,id_tghs8neuez.jpg,0.03532849,0.948437,0.016234567
951,id_tgp7vxu3a8.jpg,0.07721772,0.9088572,0.013925057
952,id_tgy35ev719.jpg,0.7703923,0.043784317,0.18582341
953,id_thxs2qqpqg.jpg,0.023728572,0.0113114575,0.96496
954,id_tilxme6mos.jpg,0.9978484,0.0014284181,0.00072321197
955,id_tk5oepc6vw.jpg,0.3697664,0.46206874,0.16816488
956,id_tmn0kr41se.jpg,0.97753876,0.015749767,0.0067115035
957,id_tnpvn0t60n.jpg,0.4920479,0.47422063,0.033731453
958,id_toiig8o6nt.jpg,0.10024204,0.034380585,0.8653774
959,id_top4rdz7ty.jpg,0.89116764,0.09411868,0.014713691
960,id_tpxmv75riv.jpg,0.8782906,0.09215154,0.029557828
961,id_tqrg299dxv.jpg,0.913157,0.010273191,0.07656984
962,id_trwdowxes3.jpg,0.13657637,0.265899,0.59752464
963,id_tsfwbky6s3.jpg,0.98808354,0.005668726,0.0062477663
964,id_tt9qlvvcji.jpg,0.8987752,0.08684342,0.014381347
965,id_ttp4tztiek.jpg,0.9832329,0.0022319425,0.014535159
966,id_ttp67r9gl6.jpg,0.75916624,0.22885334,0.011980506
967,id_tuwlieph08.jpg,0.9795699,0.018615965,0.0018141905
968,id_tv168ghvxd.jpg,0.97046435,0.014048743,0.01548692
969,id_tvd1vr9c6c.jpg,0.03892201,0.94725394,0.013824124
970,id_tzgwvdjh8y.jpg,0.005582433,0.008814114,0.98560345
971,id_u0ubc6531p.jpg,0.04659864,0.9470186,0.006382768
972,id_u18q7ctpk3.jpg,0.9533385,0.04161757,0.005044003
973,id_u3ato7u1z2.jpg,0.09805033,0.5086773,0.39327243
974,id_u3nu82b2w0.jpg,0.01206112,0.00651429,0.98142457
975,id_u6g8xhcq4v.jpg,0.9418834,0.021001194,0.0371155
976,id_u822p5sq8b.jpg,0.24178372,0.15385324,0.6043631
977,id_ua9fx7k3g7.jpg,0.8656985,0.124136984,0.010164551
978,id_uddlkgvn23.jpg,0.040446192,0.9523283,0.007225543
979,id_ue490hfcyv.jpg,0.19055498,0.096571706,0.71287334
980,id_ueo95s7inb.jpg,0.08277644,0.80639935,0.11082421
981,id_ufcorwsgqd.jpg,0.10962866,0.21114224,0.67922914
982,id_ui6swc82vn.jpg,0.6492014,0.34370998,0.0070886295
983,id_ujskwrw6bg.jpg,0.97733915,0.021780195,0.0008806252
984,id_ukl71eqd1n.jpg,0.96457386,0.028166413,0.0072597954
985,id_ukub3q9emc.jpg,0.9584413,0.0045348573,0.03702388
986,id_ulyj9e7m79.jpg,0.2536388,0.6849595,0.061401755
987,id_ulzk4p835t.jpg,0.7769583,0.20748834,0.015553351
988,id_uompu9rj03.jpg,0.02619992,0.026122779,0.9476774
989,id_uq1acn82ek.jpg,0.53476125,0.04921845,0.41602033
990,id_urk774ut2a.jpg,0.09305744,0.0066082617,0.90033436
991,id_uutzgouzed.jpg,0.82120216,0.15498634,0.02381155
992,id_uwg9j6d6u5.jpg,0.049002223,0.9381472,0.012850627
993,id_uxutpxc599.jpg,0.99613047,0.002204654,0.0016648882
994,id_uxvq5xwulb.jpg,0.6732735,0.32047987,0.006246649
995,id_uy2i5sgmo1.jpg,0.3991021,0.58146584,0.019432122
996,id_v016283wjn.jpg,0.1230676,0.00806227,0.8688702
997,id_v1hlmorp50.jpg,0.48745567,0.38569877,0.12684557
998,id_v2at6dlgst.jpg,0.00876571,0.99009323,0.0011411388
999,id_v3gknb05v8.jpg,0.011094824,0.0014865953,0.9874186
1000,id_v3rklm0vbg.jpg,0.9986507,0.0008353238,0.00051396474
1001,id_v7nbqrhggw.jpg,0.11878313,0.8504027,0.030814163
1002,id_v8grwbidcc.jpg,0.8174274,0.12183694,0.060735703
1003,id_v919v66exa.jpg,0.21278618,0.07986962,0.7073443
1004,id_v93k3mjxfz.jpg,0.9936363,0.00581655,0.00054712495
1005,id_vautp73pum.jpg,0.8001722,0.117838524,0.0819892
1006,id_vawh0j78pi.jpg,0.18630789,0.7972682,0.016423946
1007,id_venjjlvsdb.jpg,0.86869293,0.12447474,0.0068323757
1008,id_vilw006woa.jpg,0.99524736,0.0015816453,0.0031709855
1009,id_vk3bsqnian.jpg,0.9574319,0.008835595,0.03373244
1010,id_vm95trmrym.jpg,0.99618536,0.0008435995,0.0029710273
1011,id_vnp8h2ahwz.jpg,0.013895616,0.03142215,0.9546823
1012,id_vnr96k4otc.jpg,0.99890244,0.00088676065,0.00021082896
1013,id_vqkscphy17.jpg,0.96401924,0.03559118,0.00038954735
1014,id_vs50x01pnn.jpg,0.9940487,0.005234064,0.00071726576
1015,id_vtclbp2q6p.jpg,0.015094447,0.9590662,0.025839444
1016,id_vud88to52u.jpg,0.116448835,0.064427584,0.8191236
1017,id_vunngzaao0.jpg,0.99537235,0.0039267885,0.00070093176
1018,id_vwi9qf83z5.jpg,0.7986198,0.063766986,0.13761328
1019,id_vybvadxbeg.jpg,0.98373294,0.010388043,0.005879028
1020,id_vyimjd8ozt.jpg,0.91772234,0.052493732,0.02978394
1021,id_w0qxihth93.jpg,0.0054429797,0.96177423,0.032782845
1022,id_w0yjhohz11.jpg,0.17731255,0.29003477,0.53265274
1023,id_w1ej4cs5x4.jpg,0.9792526,0.01882047,0.0019269435
1024,id_w2504mxdan.jpg,0.9849817,0.0030320375,0.011986286
1025,id_w2yvcm69k8.jpg,0.0014735128,0.9972322,0.0012943143
1026,id_w3jdvmb9ng.jpg,0.031066034,0.5549318,0.41400224
1027,id_w3xc9815j2.jpg,0.9546864,0.0022433647,0.043070268
1028,id_w5bhneyqo7.jpg,0.10176251,0.87286985,0.02536765
1029,id_w6jwojzr9v.jpg,0.89122045,0.07759958,0.031179931
1030,id_w763tns6e6.jpg,0.08567494,0.8648771,0.04944805
1031,id_w86ku2lcm4.jpg,0.99932545,0.00019459287,0.00047995616
1032,id_w8p5399l7w.jpg,0.8321191,0.08999792,0.07788301
1033,id_w99do194z1.jpg,0.85840696,0.121725395,0.019867647
1034,id_w9fm3x1my6.jpg,0.12785542,0.7013931,0.17075142
1035,id_w9yf7sq9e9.jpg,0.8764615,0.015379258,0.10815926
1036,id_wa5en4qhoh.jpg,0.9282131,0.068171196,0.003615642
1037,id_wb1cl3irf7.jpg,0.99668324,0.0007821545,0.002534606
1038,id_we9o2buksi.jpg,0.9865309,0.003691835,0.009777245
1039,id_wfa94ie2du.jpg,0.063697636,0.010168444,0.926134
1040,id_wgak7atnj8.jpg,0.8758385,0.12006861,0.0040928945
1041,id_wgv3zrcwav.jpg,0.025200805,0.6998977,0.2749015
1042,id_whbk4vq0xf.jpg,0.76747614,0.23139396,0.0011299513
1043,id_whhw9gbfeb.jpg,0.11183927,0.81991696,0.06824377
1044,id_wi9dejk0b9.jpg,0.9439955,0.03825091,0.017753636
1045,id_wlgd8c7s3z.jpg,0.93721753,0.029852059,0.03293044
1046,id_wmx7rlrxg0.jpg,0.9981261,0.0013767829,0.00049713935
1047,id_wn1325oc1y.jpg,0.031162037,0.9628283,0.00600972
1048,id_wnlql3t1c1.jpg,0.95359325,0.030315805,0.016090957
1049,id_wq18wcp81e.jpg,0.75714076,0.022498168,0.22036111
1050,id_wquw3q3p2z.jpg,0.98166096,0.014836691,0.0035023985
1051,id_wqwoxsohdv.jpg,0.93551725,0.029173058,0.035309736
1052,id_wrukk3s51z.jpg,0.123793274,0.63426834,0.24193847
1053,id_wrw6kgxh4a.jpg,0.015509232,0.9818076,0.0026831946
1054,id_wsh7t9dxnf.jpg,0.024775043,0.003182664,0.9720424
1055,id_wu6jtop7y1.jpg,0.039702218,0.64918965,0.31110817
1056,id_wvb9f6jqxp.jpg,0.0069370987,0.009803763,0.9832591
1057,id_wwo1nsomhj.jpg,0.9486388,0.043539822,0.007821424
1058,id_wwtgdf0p1l.jpg,0.9766669,0.0041207187,0.019212425
1059,id_wxo66wf3gm.jpg,0.9845325,0.013126312,0.0023412684
1060,id_wyunn3afu3.jpg,0.13515514,0.81242824,0.05241663
1061,id_wywe3z64s3.jpg,0.9329584,0.05362758,0.013414015
1062,id_wz36qs2v2y.jpg,0.21419878,0.61070263,0.17509867
1063,id_wz8mbn9sng.jpg,0.039550927,0.02452917,0.93592
1064,id_x001eogutw.jpg,0.8803443,0.029593699,0.09006206
1065,id_x0nnigif79.jpg,0.40331233,0.51012945,0.08655829
1066,id_x68mjo4xbl.jpg,0.049301706,0.90190244,0.048795864
1067,id_x791d7hjde.jpg,0.2694085,0.72768116,0.002910319
1068,id_x8841bs8mo.jpg,0.71020716,0.28642675,0.0033660936
1069,id_x8c5blrien.jpg,0.98757094,0.005007427,0.0074216006
1070,id_x92bjv4m7a.jpg,0.99598646,0.0016923731,0.0023211683
1071,id_x9fw0j3iqa.jpg,0.56243366,0.41944122,0.01812513
1072,id_xajwlvf7tw.jpg,0.99783015,0.0014222494,0.0007475944
1073,id_xal0mklwc3.jpg,0.03346606,0.01801551,0.9485184
1074,id_xb7bivle83.jpg,0.03206996,0.9671081,0.0008219953
1075,id_xbi5xa8pl7.jpg,0.80095315,0.1505895,0.048457332
1076,id_xbpu7rwpog.jpg,0.8550521,0.14167449,0.0032734375
1077,id_xedjynm8sh.jpg,0.079940036,0.8258758,0.094184175
1078,id_xeu58snvje.jpg,0.98621595,0.011972456,0.001811561
1079,id_xg82bhcs72.jpg,0.17300013,0.1385562,0.6884437
1080,id_xgqkcc5npp.jpg,0.07010094,0.08639914,0.84349996
1081,id_xi7r0lr3vt.jpg,0.051342905,0.0400269,0.90863025
1082,id_xiv6fmv4wm.jpg,0.5750968,0.11906378,0.30583945
1083,id_xj1s29redt.jpg,0.94981,0.04855739,0.0016326268
1084,id_xjbzes2q7b.jpg,0.9916439,0.004869959,0.003486237
1085,id_xl5adfkuw2.jpg,0.65571755,0.3139183,0.030364178
1086,id_xq8xbgid55.jpg,0.10393179,0.0040943963,0.8919738
1087,id_xr40o03eho.jpg,0.097590655,0.8156992,0.086710155
1088,id_xr9avpzwjz.jpg,0.80935687,0.16496606,0.025677131
1089,id_xrer1k8ota.jpg,0.9772153,0.022385973,0.0003987541
1090,id_xs96ksjv7k.jpg,0.031192506,0.96468854,0.0041190097
1091,id_xsaeioml0k.jpg,0.8317014,0.060512595,0.10778599
1092,id_xsdosw4f63.jpg,0.9835043,0.01604951,0.00044630596
1093,id_xuhsdgid5q.jpg,0.97759545,0.018686261,0.0037183429
1094,id_xuygfg2sp3.jpg,0.9100281,0.08478345,0.0051885247
1095,id_xy6orpo8zf.jpg,0.9818235,0.01741077,0.00076573895
1096,id_y1o2x9smtx.jpg,0.99149525,0.006255232,0.002249547
1097,id_y25rtqtb7t.jpg,0.96608484,0.030644288,0.003270809
1098,id_y4yz1jk5r1.jpg,0.9983809,0.0010394864,0.000579666
1099,id_y56i8gbqm7.jpg,0.007153563,0.018891253,0.9739553
1100,id_y5ukefbcps.jpg,0.83180165,0.11555851,0.052639827
1101,id_y75fvp3yr1.jpg,0.08178206,0.049437825,0.86878014
1102,id_y7mqirxdv8.jpg,0.99716866,0.0010628764,0.0017685299
1103,id_y82ho9id89.jpg,0.9499712,0.024407035,0.025621748
1104,id_y8rq551j3m.jpg,0.10284153,0.8642287,0.032929793
1105,id_yc5lf1k1ns.jpg,0.0816897,0.030713623,0.8875967
1106,id_yciny6gykn.jpg,0.9770973,0.021464331,0.0014383751
1107,id_yfbqkw1ymg.jpg,0.9249885,0.032834265,0.042177178
1108,id_yfppsjq33j.jpg,0.9505969,0.029626623,0.019776454
1109,id_yhji67eb9c.jpg,0.061556067,0.9328326,0.005611385
1110,id_yies2kffo9.jpg,0.9361083,0.008220106,0.055671617
1111,id_yijkuvg4c6.jpg,0.5401164,0.33146024,0.12842332
1112,id_yjme0wt3ne.jpg,0.96998495,0.01233447,0.017680628
1113,id_ykwjcm7qqr.jpg,0.9687339,0.02109397,0.01017217
1114,id_yl7mb6baap.jpg,0.9274628,0.023171812,0.049365368
1115,id_yl85vi7fal.jpg,0.16914086,0.81765336,0.013205832
1116,id_ym9mzaewzx.jpg,0.6842336,0.118545234,0.19722119
1117,id_ymd931nw1w.jpg,0.011885849,0.9868433,0.0012708196
1118,id_yny73gm4c4.jpg,0.84118086,0.021548033,0.13727117
1119,id_yo4h7crinn.jpg,0.011287284,0.9367527,0.051960073
1120,id_ys8pl8iwuj.jpg,0.9959005,0.0033405004,0.00075903983
1121,id_ysjhxc0kpv.jpg,0.91023695,0.08704792,0.0027151913
1122,id_ytwkt162q6.jpg,0.059284028,0.9099331,0.030782936
1123,id_yuo2xlbzs9.jpg,0.8451926,0.005261399,0.149546
1124,id_yz8m2zc7mn.jpg,0.76342165,0.22943047,0.0071479063
1125,id_z0di3urhd3.jpg,0.9145622,0.03748135,0.047956437
1126,id_z405c8vwbs.jpg,0.87923884,0.11099552,0.009765726
1127,id_z4ra6bl1u5.jpg,0.9847566,0.006114405,0.009129047
1128,id_z9o3yg7icv.jpg,0.007837207,0.010241657,0.98192114
1129,id_z9vpagzd8d.jpg,0.14390612,0.010834731,0.8452592
1130,id_ze7kusje5k.jpg,0.9988835,0.00045282798,0.00066378166
1131,id_zezswf7mgc.jpg,0.001644362,0.9886887,0.009666976
1132,id_zf23xyc4tp.jpg,0.99302995,0.005660152,0.0013099366
1133,id_zirhmvpnxr.jpg,0.012431783,0.98445374,0.0031144419
1134,id_zjttmksblf.jpg,0.05248798,0.93254197,0.014969999
1135,id_zlht6gd0y2.jpg,0.34108013,0.011773164,0.6471467
1136,id_zll75i7pth.jpg,0.019085715,0.9343703,0.04654397
1137,id_zot2kkt61p.jpg,0.054400727,0.76383334,0.18176597
1138,id_zppfrdno2o.jpg,0.57331717,0.31707844,0.10960444
1139,id_zqw38plmbv.jpg,0.7881059,0.16670987,0.045184277
1140,id_zrdlgjrq3r.jpg,0.084577374,0.46499512,0.45042753
1141,id_zsfayxwipp.jpg,0.032067403,0.8701717,0.0977609
1142,id_ztvp2l9k3h.jpg,0.80849105,0.1895074,0.0020015812
1143,id_zwwcma7hlt.jpg,0.93489236,0.0035000683,0.061607637
1144,id_zyo7m4fj8h.jpg,0.55060244,0.035597287,0.4138004
