filename,blast,brown,healthy
id_00vl5wvxq3.jpg,0.99983484,1.8842407e-05,0.00014633012
id_01hu05mtch.jpg,0.022910839,0.97703385,5.5304103e-05
id_030ln10ewn.jpg,0.97382593,0.025933241,0.00024086068
id_03z57m8xht.jpg,0.99999887,1.0964425e-06,9.247563e-08
id_04ngep1w4b.jpg,0.9958105,0.0022044966,0.0019850153
id_050c6jzczt.jpg,0.011641786,0.98158336,0.006774854
id_062s7kr3jp.jpg,0.9999218,5.5166704e-05,2.3122435e-05
id_066v0v19bm.jpg,0.9998616,5.572167e-05,8.268257e-05
id_07v2dwvq17.jpg,0.8466747,0.0110635115,0.14226179
id_084yoijkju.jpg,0.9999151,6.989501e-05,1.5057957e-05
id_089nmtd1v0.jpg,0.99923205,0.0004711562,0.00029678058
id_0ane7k90m0.jpg,0.99989533,6.658647e-05,3.8090257e-05
id_0e7wk9uzq3.jpg,0.99770623,0.002142677,0.0001510939
id_0f43lwh2ve.jpg,0.0052410415,0.9934956,0.0012633491
id_0gutmn510g.jpg,0.006101326,0.019091362,0.9748074
id_0ivqysjaf3.jpg,0.9997399,0.0002171887,4.2989148e-05
id_0jv00ddllp.jpg,0.9999817,9.560203e-06,8.724116e-06
id_0jvgjlu6db.jpg,0.9999764,1.4750405e-05,8.824232e-06
id_0kb1k9p3ox.jpg,0.0024555156,0.05796081,0.93958366
id_0ptdk3a5vq.jpg,0.024188725,0.9692238,0.0065874876
id_0r2hdgahag.jpg,0.008850855,0.9899417,0.0012073221
id_0rye0m9k8n.jpg,0.9974694,0.002064526,0.00046604592
id_0s71zmqgab.jpg,0.03834037,0.050531622,0.9111279
id_0s8jfre56d.jpg,0.99985373,0.00014322918,2.9987555e-06
id_0s8p3xe7ox.jpg,0.00669893,0.9928737,0.00042733585
id_0sfi1usm7o.jpg,0.0014893836,0.9967519,0.0017587754
id_0sj2nj0iv8.jpg,0.0072438577,0.13337599,0.8593801
id_0sk77pcna4.jpg,0.9976162,0.0021289173,0.00025490654
id_0u5yyljlni.jpg,5.965843e-05,0.99993265,7.719206e-06
id_0wmuruj6vc.jpg,0.99986875,2.0056903e-05,0.00011116824
id_0x8ufanyyl.jpg,0.99969804,0.00013325605,0.0001686529
id_0zmihf5mrh.jpg,0.16746859,0.82765204,0.0048793713
id_102rthzp5d.jpg,0.0018170383,0.99809813,8.4885905e-05
id_10jv6d35ge.jpg,0.99405646,0.00042804913,0.005515467
id_10wvvleobw.jpg,0.9999982,4.165016e-07,1.3497903e-06
id_12exehmn04.jpg,0.999897,4.863802e-06,9.818616e-05
id_12sbto2xb5.jpg,0.99950564,0.00047370142,2.0715996e-05
id_15kgdxivta.jpg,0.9965733,0.0033399558,8.67121e-05
id_16cw42588b.jpg,0.0114951795,0.8923979,0.09610689
id_172v32sjrd.jpg,0.0013329382,0.16917928,0.8294878
id_185nae1uwe.jpg,0.99972963,3.5369834e-05,0.00023502856
id_18dbof864z.jpg,0.99991757,1.8484361e-06,8.059197e-05
id_18gc0uojou.jpg,0.0035186503,0.9962727,0.00020863012
id_18tvychr6u.jpg,0.0022610382,0.13101788,0.86672103
id_1abk7wnlia.jpg,0.9972669,0.000289895,0.0024432566
id_1b75oukcu7.jpg,0.9991015,0.000101706064,0.0007967741
id_1biitp0gbc.jpg,8.237621e-06,0.99985486,0.00013693779
id_1bwteyjgef.jpg,0.999992,5.4252437e-06,2.5063273e-06
id_1cgkf5k10j.jpg,0.99992394,6.052042e-05,1.5512142e-05
id_1faueyfqyx.jpg,0.6523098,0.19156842,0.15612178
id_1gkr07e0kd.jpg,0.9997066,0.00028085866,1.2516255e-05
id_1gn0og83mi.jpg,0.0018959069,0.0052032745,0.9929008
id_1gxrc02que.jpg,0.9755285,0.020857684,0.003613849
id_1i4c79c9ji.jpg,0.98935646,3.1800573e-06,0.010640319
id_1i5v2j4sax.jpg,0.067842,0.9312113,0.00094670535
id_1j1edjfd4f.jpg,3.3376484e-05,0.9998773,8.9361136e-05
id_1jex1cbzqz.jpg,0.9740077,0.00713477,0.018857509
id_1jklgpd8d6.jpg,0.9958036,0.0002476808,0.0039486564
id_1krj65y404.jpg,0.98770106,0.0016324878,0.010666455
id_1m6n769g91.jpg,0.8750132,0.12072557,0.0042611845
id_1nfivdxg3k.jpg,0.99997276,2.6180303e-05,9.757136e-07
id_1nrkalt5m2.jpg,0.99949336,0.00011719634,0.000389376
id_1p26yf26ad.jpg,0.99957895,0.00020185407,0.00021925934
id_1phhaetwp0.jpg,0.0029870186,0.9968517,0.0001613987
id_1q5254vwyn.jpg,0.99996716,1.7752738e-05,1.5052779e-05
id_1s51xf1hzi.jpg,0.3084966,0.0007617407,0.6907417
id_1sju9mce8x.jpg,1.0036156e-05,0.9998872,0.00010274888
id_1sobp25gqr.jpg,0.9995056,0.0003953244,9.908773e-05
id_1tajvlo77s.jpg,0.9983869,0.00017447614,0.0014386687
id_1uoy9y28ci.jpg,0.0061431816,0.6130812,0.38077563
id_1w1zx50ks3.jpg,0.98020136,0.018738355,0.001060311
id_1wkzflxkh6.jpg,0.9999846,7.2050866e-06,8.175614e-06
id_1xohzz86kf.jpg,0.9999941,3.5394453e-06,2.351051e-06
id_1y0zncmgqb.jpg,0.99876255,0.0012226651,1.4844126e-05
id_1y37qz4ry0.jpg,0.9952108,0.004759619,2.9573119e-05
id_1yrozih525.jpg,0.0050282776,0.965803,0.029168716
id_1yzlxwmbtw.jpg,0.0030872622,0.996528,0.0003846965
id_1zyv1iq9ke.jpg,0.93587214,0.064023025,0.00010481545
id_202qmgptos.jpg,0.9901023,0.00041488637,0.00948281
id_20jy1dng9w.jpg,0.8667601,0.008238151,0.1250017
id_20lxhltxfh.jpg,0.9992674,0.00070836616,2.4175875e-05
id_222sm7fvpz.jpg,3.1478303e-05,0.999506,0.00046253623
id_22xrmf5o43.jpg,0.9999612,4.1434237e-06,3.4632398e-05
id_23frz85y4q.jpg,0.9984629,0.0008766651,0.0006603844
id_2429vw33is.jpg,0.00012510791,0.9978202,0.0020547183
id_244q5yfpok.jpg,0.99906313,0.00013928059,0.000797609
id_25b366alwi.jpg,0.017758487,0.0056680557,0.97657347
id_2634btzlwa.jpg,0.00596588,0.00080697343,0.99322724
id_29147ujazi.jpg,0.9939297,0.00020435583,0.0058659767
id_29ua75zqlo.jpg,0.0022303665,0.0013830304,0.9963865
id_2btc6aaiul.jpg,0.0001301152,0.99967575,0.00019414528
id_2dc984fdle.jpg,0.0019503513,0.0027711887,0.99527836
id_2e6287ty0v.jpg,0.99353325,5.422103e-05,0.006412557
id_2f0o0mfu1g.jpg,0.9722534,0.00794078,0.019805906
id_2fljyfm5he.jpg,0.994524,0.0041721277,0.0013039224
id_2ifmsk6xpl.jpg,0.9827185,0.016147636,0.0011338593
id_2ku67cg3ud.jpg,0.99080074,0.0089494465,0.0002497672
id_2nmj22clly.jpg,0.025704406,0.00030070767,0.973995
id_2o6mpuqjj6.jpg,0.999995,1.8686034e-06,3.1343502e-06
id_2pybialww7.jpg,0.00079830334,0.9951911,0.0040105493
id_2q6g4ubcn3.jpg,0.99945986,8.982224e-05,0.00045025322
id_2uahvm6nlz.jpg,0.9950806,0.0047602965,0.00015919938
id_2y87y866kh.jpg,0.9975518,0.0021644132,0.0002838603
id_2z9iw7acwj.jpg,0.03244484,0.00041564624,0.9671395
id_321v8nul8r.jpg,0.9733186,0.0031914387,0.023489939
id_32dfq1f0fz.jpg,0.99914813,0.0007379797,0.00011390386
id_349dssqmyx.jpg,0.0886255,0.055475652,0.85589886
id_3501x49zk6.jpg,0.00032040456,0.9994414,0.00023819403
id_35n9wtfzvj.jpg,0.98169744,0.018236835,6.5779466e-05
id_37dlaohacg.jpg,0.7779058,0.2191918,0.0029023937
id_38fgveupp6.jpg,0.0006797273,0.99925625,6.4064865e-05
id_393toqusi5.jpg,0.9999866,5.098164e-06,8.340627e-06
id_398iuyjuiw.jpg,0.8002426,0.0027754654,0.19698195
id_3aw1x3lp00.jpg,0.9987323,0.000100877245,0.0011668145
id_3azjbcsaoz.jpg,0.996938,0.00014904364,0.0029129498
id_3b3ittba4m.jpg,0.9985392,0.0011187536,0.00034201232
id_3bpvokar6a.jpg,0.00037532262,0.00058821065,0.99903655
id_3bzlx5zdtc.jpg,4.6654577e-06,0.9999925,2.8880117e-06
id_3eis2hodjf.jpg,0.989519,0.0077012735,0.002779713
id_3erzt7e8go.jpg,0.003806154,0.0007446667,0.9954492
id_3ffiga0dbm.jpg,0.08973263,0.026012244,0.8842552
id_3hax4hkblt.jpg,0.9992386,0.0005929428,0.00016852721
id_3hb0jpd195.jpg,0.0005522084,0.99868363,0.0007641265
id_3k3bngsb0x.jpg,0.003493011,0.00036779503,0.9961392
id_3o0cliy66y.jpg,0.033137735,0.0029739162,0.9638883
id_3oz6lfl9zh.jpg,0.9958478,0.0033698336,0.0007823751
id_3pxyuwfequ.jpg,0.99580884,0.00019532297,0.003995846
id_3q19pe5ap7.jpg,1.7213086e-05,0.9998987,8.4138504e-05
id_3u167skcbr.jpg,0.94675946,0.001686126,0.051554374
id_3u678if5sa.jpg,0.9998892,0.00010870461,2.1241349e-06
id_3utzbj8iwy.jpg,0.99994475,4.7749643e-05,7.5047765e-06
id_3v9lrv6wd1.jpg,0.997582,0.0018315456,0.00058643706
id_3xxa7ein98.jpg,4.905698e-05,0.9997871,0.00016381283
id_3yzntalbvj.jpg,0.94503117,0.04016481,0.014804043
id_3zpci62t81.jpg,0.11079055,0.88213694,0.007072475
id_3zr7d0lxtp.jpg,0.974811,0.0012455445,0.023943407
id_40tq9ldy97.jpg,0.99997926,1.14698705e-05,9.234583e-06
id_40x5h1zs7z.jpg,0.99280626,0.0034004503,0.0037932908
id_4227oe5rcg.jpg,0.99805427,0.00021680075,0.0017289829
id_42eimytwax.jpg,0.00023081298,0.99976546,3.7415125e-06
id_46tn6xbbos.jpg,0.9960282,0.000506107,0.0034656993
id_46xhul3ffj.jpg,0.862303,0.09592657,0.041770432
id_497layo6y6.jpg,0.9996236,9.083698e-05,0.00028559752
id_4b2kzejrzs.jpg,9.0732625e-05,0.9996559,0.00025335813
id_4c0y67btx0.jpg,0.9999702,2.0773361e-05,8.993506e-06
id_4c5fsx9t1g.jpg,0.9961509,0.0022286752,0.0016205036
id_4e4hrr1doy.jpg,0.00012486051,0.9994076,0.00046758787
id_4eokhx4xmu.jpg,0.00019603968,0.99692434,0.0028795486
id_4eqly7ghcb.jpg,0.9996281,2.7119377e-05,0.00034478612
id_4eyre09j24.jpg,0.00035148818,0.00089092256,0.99875766
id_4ghoez8b3q.jpg,0.00034209277,0.99858534,0.0010726122
id_4hojjs1sqk.jpg,0.0061291475,0.048536107,0.94533473
id_4i6zcdrwkr.jpg,0.00016171113,0.9997793,5.8925907e-05
id_4jmwaj5c0z.jpg,0.00015851019,0.99907327,0.0007681947
id_4lowhbx63p.jpg,0.96934223,0.0299618,0.0006959091
id_4nvv0xethp.jpg,1.2618112e-05,0.9999546,3.275199e-05
id_4p09jwrfcd.jpg,0.9999974,9.599609e-07,1.6209782e-06
id_4pa7clavwn.jpg,0.99997175,1.8537245e-05,9.682106e-06
id_4rnqd1qmsb.jpg,0.99990463,5.653307e-05,3.8765353e-05
id_4t04covpzf.jpg,0.021071257,0.0045159836,0.9744128
id_4vcmk255mj.jpg,0.9993745,0.00012714717,0.00049836456
id_4veqvgf276.jpg,0.07115389,0.6450726,0.28377357
id_4xqyedo4gz.jpg,0.9998702,9.577595e-05,3.4027078e-05
id_4yrf1ograd.jpg,0.94585586,0.053457562,0.00068656856
id_4zusywq1cj.jpg,0.9928209,0.006889482,0.0002896242
id_50uwy9lssr.jpg,0.9813743,0.0030114027,0.015614252
id_510uss2kx6.jpg,0.9999982,8.4356293e-07,8.891034e-07
id_566s519h3g.jpg,0.0001954712,0.99980044,4.1417034e-06
id_56ig1njq37.jpg,0.9839256,0.007945005,0.008129317
id_584lgxnpb7.jpg,0.0019980771,0.0028632914,0.99513865
id_58jg1k3s5r.jpg,0.9344883,0.063425444,0.0020862361
id_5c0o7whkhv.jpg,0.0005301856,0.013635389,0.98583436
id_5eilypqfff.jpg,0.0066732997,0.9932777,4.9013353e-05
id_5f20all309.jpg,0.00059685064,0.0009511474,0.998452
id_5gn6rtfftv.jpg,0.99041903,0.0056109666,0.003969985
id_5gz27g2s4l.jpg,0.9924727,0.0069837184,0.0005436208
id_5ixtcjsmuz.jpg,0.9983314,0.0014684914,0.00020006807
id_5k7qvp9fhc.jpg,0.99511063,0.0045449454,0.00034442215
id_5k7vfi0zc5.jpg,0.999473,0.0003527528,0.00017425886
id_5lo7l0y0vb.jpg,0.99884176,0.0009788033,0.00017936435
id_5lxm7mcsj2.jpg,0.09384306,0.8180578,0.08809916
id_5nkfatffwe.jpg,0.50366074,0.00962326,0.486716
id_5vqbqpw7qn.jpg,0.9999069,5.218813e-05,4.08872e-05
id_5w2fpqgby8.jpg,0.99999857,1.3197407e-06,2.915498e-08
id_5wcv5ugwhx.jpg,0.00028334348,0.0006649978,0.9990517
id_5ylgl2empi.jpg,0.9678376,0.0041911546,0.027971234
id_60qaklh3mk.jpg,0.8180853,0.052267004,0.1296477
id_61cw521nxd.jpg,1.6950555e-05,0.99993706,4.5977496e-05
id_63btdfqcnj.jpg,7.1315306e-05,0.99978983,0.00013872911
id_63pslknc7r.jpg,0.9999542,1.4761606e-05,3.0941417e-05
id_63x62yn6ve.jpg,0.0001609721,0.99915344,0.0006855712
id_648d4t1un5.jpg,0.37125787,0.0017516757,0.62699044
id_64a66iflbg.jpg,0.9623082,0.025924658,0.01176715
id_64xo3an59r.jpg,0.9978353,0.0010583589,0.0011063536
id_6579czllj5.jpg,0.0060887556,0.0012294843,0.99268174
id_65fiexheye.jpg,7.24262e-06,0.99999225,5.1568037e-07
id_65igspysof.jpg,0.00018787953,0.00046205864,0.9993501
id_66bnbmp7o7.jpg,0.986395,0.0006509083,0.012954056
id_66m9y7ilsm.jpg,0.99163187,0.006211707,0.0021564374
id_6bkgvuphbg.jpg,0.00017366587,0.99978435,4.1999272e-05
id_6bypvyv5vv.jpg,0.0019786619,0.99713594,0.0008853382
id_6c5hxxj9py.jpg,2.8467435e-05,0.999969,2.5425793e-06
id_6eo3wokp04.jpg,0.9999191,7.6009506e-05,4.9014784e-06
id_6g7fz3ndtp.jpg,0.9982594,0.0017256335,1.4926736e-05
id_6jcwemyxc9.jpg,0.99998593,6.812084e-06,7.333234e-06
id_6jkdvdcvp3.jpg,0.017376654,0.080855355,0.90176797
id_6luuayw4ih.jpg,0.9931802,0.003662369,0.0031573917
id_6mz1zd20su.jpg,0.99734724,0.0015888484,0.0010639358
id_6olr26yprl.jpg,1.5805384e-05,0.99988306,0.00010112533
id_6ovjv98pi2.jpg,0.19776775,0.8020685,0.00016382943
id_6r3skclu2k.jpg,0.09078414,0.00037103653,0.9088448
id_6r8f1xh0cc.jpg,0.012773016,0.9762837,0.010943217
id_6rn80ow9sl.jpg,0.9992573,0.0005672218,0.00017544712
id_6rpous9krp.jpg,0.00017686351,3.206193e-05,0.99979115
id_6tjot777fk.jpg,0.9997746,0.00018279495,4.2717962e-05
id_6u4wgjbt95.jpg,0.9691106,0.03027513,0.0006142227
id_6vk6psro5s.jpg,0.00026031025,0.99966615,7.354231e-05
id_6z1bp84py1.jpg,2.793957e-05,0.99866194,0.0013101198
id_700mwvc0vx.jpg,0.16285586,0.8227637,0.014380477
id_70oj3rugky.jpg,8.090978e-06,0.999987,4.8673305e-06
id_70qqvj0pii.jpg,0.9998525,2.0476233e-05,0.00012699349
id_712bjojv2s.jpg,0.006403875,0.00012094988,0.99347514
id_7287yu0tkw.jpg,0.99954665,3.2131677e-05,0.0004212176
id_72ky4xkvsp.jpg,5.7790938e-05,0.99991876,2.3445646e-05
id_72zw6mjvgo.jpg,0.15186064,0.02168203,0.82645726
id_73a9naiehr.jpg,0.0001294621,0.0017632677,0.9981073
id_74359q2hrc.jpg,0.8580996,0.14175482,0.00014554925
id_74gu2zkoxj.jpg,0.99998164,1.0186279e-05,8.13619e-06
id_74i7knnaa6.jpg,0.034301355,0.8288994,0.13679925
id_74qvz0t4fy.jpg,0.99997175,7.982058e-06,2.0224805e-05
id_74zd0jtvso.jpg,0.72103786,0.07218952,0.20677258
id_75pre3joob.jpg,0.0006853207,0.99926835,4.6329103e-05
id_75vovkuer9.jpg,0.9864947,0.012548653,0.00095666514
id_77ijc7wa3j.jpg,0.99993026,5.061051e-05,1.9130506e-05
id_78v1qy0me7.jpg,0.9644535,0.00021999437,0.035326477
id_792bgr58xm.jpg,0.00048728407,0.00047051045,0.9990423
id_7966xv6p5i.jpg,0.9999609,2.573389e-05,1.3406849e-05
id_7b4zf930o7.jpg,0.007277567,0.012855498,0.9798669
id_7dx69pxq4g.jpg,0.98068106,0.007791301,0.011527652
id_7eso2apebc.jpg,0.04006374,0.0029048645,0.95703137
id_7gs7jffsdm.jpg,0.99994135,1.4543433e-05,4.407619e-05
id_7htglor42s.jpg,0.00078201876,0.9991214,9.647208e-05
id_7ivw1rdt60.jpg,0.00019522422,0.99978685,1.7920978e-05
id_7j622hnfcq.jpg,0.999627,0.00037043775,2.5458835e-06
id_7l69draumk.jpg,0.9983454,0.0001566649,0.001497983
id_7mbzttiyjx.jpg,0.077289276,0.91999173,0.0027190195
id_7mjwvizaz4.jpg,0.99883074,0.00030471326,0.00086455856
id_7nt5ym1rab.jpg,0.999976,6.6914263e-06,1.7291986e-05
id_7nuvwqoznc.jpg,0.99987984,5.8428228e-05,6.174235e-05
id_7ox9hfrp2p.jpg,0.9953442,0.004221829,0.00043397144
id_7piya8u1a5.jpg,0.9996429,7.885773e-05,0.00027815744
id_7qfre8d4gx.jpg,0.059988547,0.93998766,2.3751503e-05
id_7r73s15wdu.jpg,0.99993044,6.23203e-05,7.1657305e-06
id_7rkfw0pgej.jpg,0.9986502,0.0013455205,4.338776e-06
id_7sseaeewuh.jpg,0.9983197,0.0016784933,1.8463357e-06
id_7suxzhgr6k.jpg,0.16409145,0.80553436,0.030374136
id_7t4t4nuo1y.jpg,0.0063760774,0.99319726,0.00042672164
id_7troz2ms9w.jpg,0.8011217,0.18832886,0.010549505
id_7urr8falap.jpg,0.9992126,0.000345595,0.0004418447
id_7wqwcmi8rt.jpg,0.0009419758,0.9989753,8.2814746e-05
id_7wukxcmpbd.jpg,0.9954709,0.0016012851,0.002927763
id_7wvj41qgu8.jpg,0.0002039796,0.99977994,1.6081754e-05
id_7y7kizouj3.jpg,0.9921009,0.0073932954,0.0005057948
id_7z7c7yav4z.jpg,0.9093036,0.090431206,0.00026524434
id_7zso8x5txl.jpg,0.039218545,0.95323634,0.007545149
id_80uy76npvy.jpg,7.1501627e-06,0.9999864,6.5010186e-06
id_8285wr8lqi.jpg,0.23408918,0.68931466,0.07659611
id_856sqmfzwg.jpg,0.9927556,0.007153792,9.0676825e-05
id_85x8auxsl3.jpg,0.0006127923,0.9981728,0.0012144174
id_890agl8zkx.jpg,0.0017366605,0.0045058965,0.9937575
id_8aximw3gbo.jpg,0.00010426053,0.9998642,3.1465454e-05
id_8c4pq31jju.jpg,0.98963726,0.0005508305,0.009811903
id_8dbdn90bmg.jpg,0.0020366425,0.99727833,0.0006850827
id_8fbilb09da.jpg,0.09296422,0.037994705,0.869041
id_8gyccu6fn0.jpg,0.00027186502,0.99582386,0.0039042516
id_8h2vdiwjnf.jpg,0.9206331,0.07886192,0.0005050484
id_8i3h5j0qqd.jpg,0.99524534,0.0021599033,0.0025947671
id_8iwoos555d.jpg,0.99288285,0.003471558,0.00364562
id_8j9vk5ljpd.jpg,0.0013509332,0.9919365,0.0067126052
id_8jsjliuxmu.jpg,0.9989536,0.00045422072,0.000592182
id_8kctxkxhml.jpg,0.0013868473,0.9659793,0.032633923
id_8km8v0obx1.jpg,0.0082942825,0.0062096273,0.9854961
id_8l7f4q4tfu.jpg,0.9999858,5.7118273e-06,8.549887e-06
id_8mja6ti650.jpg,0.99577695,0.0042111753,1.19359975e-05
id_8nlg2xb2is.jpg,0.9999627,1.8415425e-05,1.886395e-05
id_8o5a4nezxp.jpg,0.9999923,7.056e-06,6.595779e-07
id_8odmdfi7iz.jpg,4.108151e-05,0.9998574,0.000101404505
id_8oeekx1062.jpg,0.001593816,0.00028387998,0.9981224
id_8qcbpzadoy.jpg,0.8607951,0.13866024,0.0005446338
id_8u35quh9ds.jpg,0.999994,2.6119274e-06,3.3938227e-06
id_8u7pccetfi.jpg,0.009568384,0.00599825,0.98443335
id_8x569866pb.jpg,0.9873102,6.302742e-05,0.012626832
id_8xkrg1bywr.jpg,0.14813748,0.8507846,0.0010778815
id_8ycgxgfq0k.jpg,0.011115529,0.98814166,0.00074279355
id_8yrscp6yel.jpg,7.7792565e-06,0.99969727,0.00029498775
id_90e92xfixp.jpg,0.013808619,0.98613465,5.6685734e-05
id_92arb6rtbu.jpg,0.99914694,0.0008424965,1.06057805e-05
id_947llr07l1.jpg,0.9997793,0.0001382618,8.2571256e-05
id_94ppy8gtdn.jpg,0.99766207,0.0020333708,0.00030454688
id_95b0liwdh6.jpg,0.99963534,0.00023165546,0.00013299628
id_95fcfcgs9d.jpg,0.0009181994,0.0069557107,0.9921261
id_97pniadwxs.jpg,2.0718064e-05,0.9999535,2.5758955e-05
id_9b0tkqic6c.jpg,0.9999782,1.988894e-05,1.9844954e-06
id_9bayys139l.jpg,0.0031292196,0.018614363,0.97825646
id_9bkxkg5uoy.jpg,0.9924939,0.0074486546,5.7384466e-05
id_9d8dhe83vo.jpg,0.9991514,0.00083224056,1.6350914e-05
id_9ds3juieb3.jpg,0.017555693,0.00052402145,0.98192024
id_9f9ptfngd8.jpg,0.9999862,1.0634677e-05,3.1741195e-06
id_9h4oarnpqt.jpg,0.9849046,0.011296814,0.003798503
id_9jjb9023hu.jpg,0.77272475,0.00015867932,0.22711663
id_9ld00xwmon.jpg,0.9995825,4.0139883e-05,0.0003773522
id_9llets503b.jpg,0.005639446,0.985041,0.009319497
id_9m34n8cvbl.jpg,0.08682077,0.041602325,0.8715769
id_9mgzx3qt4q.jpg,0.9999595,3.7830374e-05,2.6520042e-06
id_9mv2eydufl.jpg,0.021512693,0.9782082,0.0002791062
id_9rvnit4tfg.jpg,0.002027067,0.9889269,0.009046035
id_9ttxex3x1n.jpg,0.0031710397,0.79882765,0.19800131
id_9tv6ronz0p.jpg,0.00645842,0.9839877,0.009553869
id_9u0y2bplx6.jpg,0.0008338891,0.9991456,2.0460853e-05
id_9ur6z0mqjz.jpg,1.1401681e-05,0.99995786,3.0742252e-05
id_9vblo6pawj.jpg,0.9999701,7.351671e-06,2.2579767e-05
id_9w55e1oeq0.jpg,0.108888075,0.8837799,0.00733202
id_9w8geyv8cu.jpg,0.9999168,3.854602e-05,4.47668e-05
id_9wlo4kff0i.jpg,0.99927324,1.9099502e-05,0.0007076544
id_9x4ntjf2eh.jpg,0.88438016,0.103867754,0.011752107
id_9z91cgtyhs.jpg,0.0078146,0.9909028,0.0012826364
id_9zrgq5uefl.jpg,0.9781984,0.021739151,6.245915e-05
id_a0ts2x3lsv.jpg,0.99919844,5.656479e-05,0.0007449903
id_a1p9xlqr38.jpg,0.98337066,0.00026496197,0.016364394
id_a1zi5dpo4s.jpg,0.99956346,2.5004625e-05,0.00041151833
id_a5eboqjxsk.jpg,0.9793036,0.020643689,5.2683987e-05
id_a9m30sts7b.jpg,0.9998177,5.3823147e-05,0.0001285049
id_a9ry0a9y9q.jpg,0.99917054,0.0008083717,2.112495e-05
id_abd0ket6gk.jpg,0.9989559,0.0007058161,0.00033835912
id_abfj1weg4d.jpg,3.8800604e-06,0.99987364,0.00012249633
id_act04m6s7j.jpg,0.0115380995,0.0026213888,0.98584044
id_adungoii3n.jpg,2.8734285e-05,0.00010330226,0.9998679
id_ah065qab4g.jpg,0.025410347,0.086579725,0.88800997
id_ahlsbyn84z.jpg,0.9987129,0.0008628072,0.0004243396
id_aj2mhyiljl.jpg,0.06639453,0.93358564,1.9823252e-05
id_ajrr2ffz45.jpg,2.6276362e-05,0.9999466,2.711322e-05
id_ak7by8s6xx.jpg,0.00031379965,0.9982289,0.0014574094
id_akgn1czug4.jpg,0.99406046,0.002420303,0.0035193157
id_almuemp2a0.jpg,0.9992218,0.0007449921,3.3207118e-05
id_amrw6zrz3c.jpg,6.4206964e-05,0.9949503,0.0049855197
id_an9lszlckm.jpg,0.9988098,0.0011809375,9.223053e-06
id_aoixbpjvvq.jpg,0.85258985,0.12992166,0.01748848
id_apl5hbz964.jpg,0.0009271761,0.998883,0.00018988454
id_apmoqofvcn.jpg,0.9902512,0.009476567,0.00027226502
id_aprrkmjoli.jpg,6.220589e-05,0.9997757,0.00016208366
id_ark2usd7u8.jpg,0.00038485197,0.99878144,0.00083367235
id_arsg8nwnez.jpg,0.0004204728,0.9916178,0.007961748
id_askxpsiynp.jpg,0.98904437,4.5999364e-05,0.010909597
id_at5zd8zdot.jpg,0.84300506,0.00020315447,0.15679169
id_au351ozt0u.jpg,0.999257,0.0007012356,4.1717965e-05
id_aubznv8khr.jpg,0.008016341,0.0034892384,0.9884944
id_avn1ejzmvs.jpg,0.052232187,0.94684863,0.000919193
id_avo9syteav.jpg,0.99999356,4.0990835e-06,2.3304683e-06
id_avp0xvzsef.jpg,0.00018711563,0.0001960367,0.99961686
id_avy4f1aml0.jpg,0.9997556,1.6619537e-05,0.00022777425
id_aw9y79nutx.jpg,0.0025449693,0.9973815,7.3488074e-05
id_axlte8dtxc.jpg,0.95905614,0.04013012,0.0008137753
id_ay3hzdsf41.jpg,0.042957947,0.95650566,0.00053645845
id_b15h3wr363.jpg,0.0061231316,0.004232087,0.98964477
id_b19jeif9q2.jpg,0.00073744723,0.9985149,0.00074760895
id_b38ee2otk3.jpg,0.08050768,0.9181666,0.0013257195
id_b4m778w81r.jpg,0.9742907,0.023400206,0.0023091547
id_b5fn6xymr7.jpg,0.999992,4.5191914e-06,3.5410876e-06
id_b68zqqxb16.jpg,0.82138085,0.011569762,0.16704935
id_b6guqa4jqp.jpg,0.99980485,8.2281476e-05,0.00011291211
id_b9l1y6pkri.jpg,0.9992761,0.00031372596,0.00041018968
id_bazikoi5h9.jpg,0.99996424,5.94105e-06,2.9872965e-05
id_bb91jp6pg4.jpg,0.00012356526,0.99899447,0.00088191463
id_bc5p9me7ku.jpg,0.98813343,0.0033861545,0.008480419
id_bce4iyojch.jpg,0.99997735,1.876453e-05,3.819109e-06
id_bekoxyehov.jpg,0.999582,0.00025867787,0.00015928852
id_bgj44bvut4.jpg,0.9994426,0.00045053248,0.000106879976
id_bkrke3vo57.jpg,0.044694286,0.005042065,0.9502636
id_blscjxidu6.jpg,0.99969095,0.00025797173,5.1041425e-05
id_blx62wltrk.jpg,0.063900694,0.0055613583,0.93053794
id_bmir6gcods.jpg,0.9988054,0.00074738916,0.00044720597
id_bmwp4rr84y.jpg,0.9999943,4.506557e-06,1.2535423e-06
id_bnyrssm9kj.jpg,0.0026265848,0.8914305,0.10594292
id_borot9b0dn.jpg,0.98906,0.0006310177,0.010308968
id_bouwtc3thv.jpg,0.99730504,0.0004999887,0.0021949653
id_bpy1vkc436.jpg,0.0003746865,0.0008619904,0.9987633
id_bq60p3aqo8.jpg,0.011912762,0.08064619,0.9074411
id_bs01v3crns.jpg,0.99991906,4.3188073e-05,3.773014e-05
id_bs0rwp1kmc.jpg,0.99935174,0.00010821679,0.0005400923
id_btc44m5ven.jpg,0.9958272,0.00093989045,0.0032328456
id_btipo9ojnr.jpg,0.9998317,0.000115815914,5.2466818e-05
id_bucgp90ug4.jpg,0.9994991,0.00019708037,0.00030384646
id_bun8uetq9r.jpg,0.99993926,1.3119989e-05,4.7633825e-05
id_bx77h99p3j.jpg,0.005084819,0.005117698,0.9897974
id_bxgijj96cq.jpg,0.010118259,0.98975605,0.00012568313
id_by3qnznp3v.jpg,0.0013229931,0.00031156378,0.9983654
id_bybbtlbxoo.jpg,0.011844006,0.0016160087,0.98653996
id_byyn5oxwj8.jpg,0.9990609,0.0008084361,0.00013062266
id_c0atby9mg0.jpg,0.10557123,0.89234173,0.002087052
id_c0iobr5lyv.jpg,0.98468924,0.014716354,0.00059439894
id_c30q46dzkg.jpg,0.9972799,0.0024020928,0.0003179849
id_c3p4zaeafj.jpg,0.87888116,0.09683847,0.024280392
id_c3x8zs9kh3.jpg,0.054011077,0.90799856,0.0379904
id_c6r902u1yc.jpg,0.028815499,0.9708669,0.0003175243
id_c8ccb7p1ny.jpg,0.99007845,0.008564625,0.0013569305
id_c8zqlaoscm.jpg,0.00011414278,0.99977,0.00011595092
id_c996aefk2b.jpg,0.999798,9.3628056e-05,0.000108368906
id_ca1ulb7phu.jpg,0.99501026,0.0030325856,0.0019571446
id_carqo16fzo.jpg,0.8669746,0.0008206194,0.1322048
id_cbrq69l0b7.jpg,2.3718678e-05,0.99997467,1.5573202e-06
id_cc26n7gl0l.jpg,0.003061276,0.99693346,5.2938058e-06
id_cdf888g19t.jpg,0.0026833087,0.005996603,0.99132013
id_cdphzwxh66.jpg,0.99964595,0.00018803826,0.00016597951
id_cguvv909pj.jpg,0.0120962355,0.9836525,0.0042512743
id_cho3e7kmmf.jpg,0.99766225,0.0019639996,0.00037370523
id_chyxorazcg.jpg,0.0003199431,0.9996705,9.557638e-06
id_cl2tro0krc.jpg,0.9700116,0.02810915,0.0018792845
id_cmo5mn34bk.jpg,0.997632,0.002351373,1.6609305e-05
id_cmz1pqyyqa.jpg,0.99868184,0.0011747313,0.00014344355
id_cntxv782n4.jpg,7.8975936e-05,0.0023350045,0.997586
id_cqbm5ybp7n.jpg,0.9972995,0.00020176348,0.0024988174
id_cr4pbofie3.jpg,0.0004508,0.998283,0.0012662277
id_cs7276ypgk.jpg,0.00015450758,0.9985426,0.0013028749
id_csvb9gfj1x.jpg,0.9013128,0.0087781865,0.08990902
id_cvoa3cg9ts.jpg,0.9948988,0.00505676,4.4455846e-05
id_cx1pdelwqg.jpg,0.8594597,0.0044267485,0.1361135
id_cx89v8zdf5.jpg,0.18808526,0.7872052,0.024709554
id_cxbujzrztd.jpg,0.998327,0.00057314,0.0010999064
id_cyxg6svpq1.jpg,0.9868142,0.0016088315,0.011576951
id_cyzjic2qj0.jpg,0.1287733,0.87085104,0.00037568147
id_cz5uxriepb.jpg,0.8482446,0.11805435,0.033701047
id_d1gzo6e0hj.jpg,0.0013612446,0.9969621,0.0016766846
id_d2uwba98h4.jpg,0.9857955,0.013026622,0.0011778623
id_d3cjyfbkie.jpg,0.9976653,3.306233e-06,0.0023314261
id_d6qf53mzm2.jpg,0.9998834,4.0790837e-05,7.581927e-05
id_d74qdjo8h9.jpg,0.9562628,0.033079475,0.010657659
id_d7c0hi3hwf.jpg,0.9998225,0.00017176004,5.7800753e-06
id_d9xcc459wg.jpg,0.9995966,0.00022518235,0.00017819481
id_daklqs117p.jpg,0.97396994,0.006474826,0.019555341
id_dblple11hr.jpg,0.045066822,0.009712807,0.9452204
id_ddmx12ft9u.jpg,0.00025033497,0.99953985,0.00020982392
id_ddrsh911b6.jpg,0.89291406,0.003917195,0.10316877
id_del50nmcl7.jpg,0.9316486,0.047302827,0.021048585
id_detmragq4s.jpg,0.98204327,0.015767755,0.0021889913
id_di6wafk673.jpg,0.9863219,0.013252571,0.00042547847
id_dibgx1qvt2.jpg,0.9999969,1.8681982e-06,1.2220585e-06
id_dj3f1qlo8i.jpg,0.96445584,0.017552555,0.017991515
id_djuswm9bh4.jpg,0.0061242143,0.9881321,0.005743676
id_dkbp68fw0g.jpg,0.00027915568,0.99963427,8.661847e-05
id_dmxy8ool65.jpg,0.011496373,0.83738434,0.15111932
id_dn8sz7kp6g.jpg,0.10050272,0.21761975,0.6818775
id_do5ngonibi.jpg,0.67001736,0.29505262,0.03492999
id_dqoccypgid.jpg,0.9986668,0.0012438956,8.9281704e-05
id_drqjqdgwbr.jpg,0.00030348008,0.99912643,0.0005701435
id_drx0i4qjoo.jpg,0.9999468,2.483529e-05,2.8359895e-05
id_dsbrupm1cr.jpg,0.998834,0.0011379592,2.7983195e-05
id_dswv82x2xn.jpg,0.9999988,1.12945e-06,1.904457e-08
id_dtkyk51t7d.jpg,0.8216399,0.17737828,0.0009817677
id_duo0yh6v3g.jpg,0.8376943,0.16177332,0.0005323194
id_dvcbb85xlr.jpg,0.99452794,4.394726e-05,0.0054280343
id_dvr5tk922c.jpg,0.99603987,0.002651679,0.0013083889
id_dvrwax0ptk.jpg,0.89857984,0.09826925,0.003150907
id_dz5g9suhtw.jpg,0.0002750029,0.0009162173,0.99880874
id_e0qlh51fu9.jpg,0.99312913,0.0007741304,0.006096747
id_e1jrl8ckio.jpg,0.8517744,0.14085287,0.007372785
id_e1prlfbkna.jpg,0.00056378025,0.98416543,0.015270774
id_e2b4bad2fs.jpg,0.0014703864,0.98691547,0.011614121
id_e2cqw2vllh.jpg,0.22250399,0.7507283,0.026767679
id_e2rjq3xl4b.jpg,3.9910254e-05,0.9991674,0.0007927037
id_e4id92jojc.jpg,0.9996611,0.0002599344,7.8934616e-05
id_e5xd02ur86.jpg,0.9999609,3.3221626e-05,5.848486e-06
id_e652ocdak4.jpg,0.99949574,0.00036820545,0.00013601112
id_e6k39e88b4.jpg,0.99901927,0.00079926493,0.00018149041
id_e7gc2uew96.jpg,0.046026476,0.9506316,0.0033418932
id_e88h986b7j.jpg,0.9989718,0.0007677561,0.00026035093
id_e8vij3aomx.jpg,0.9986522,0.0013295915,1.8224608e-05
id_e9uh1mx5x6.jpg,0.00034799383,0.99886465,0.0007873854
id_ecvgtyw1zc.jpg,0.0038030096,0.9961432,5.3799224e-05
id_edfet6aiir.jpg,0.031925697,0.062393412,0.9056809
id_efcc8cqlws.jpg,0.00022958938,0.0028190855,0.99695134
id_efjpvf6ooh.jpg,0.03103476,0.002091263,0.966874
id_eg1tfifjeq.jpg,0.8923922,0.07498284,0.032624956
id_egxnoy01ts.jpg,5.328124e-05,0.97371686,0.02622986
id_ei7966665t.jpg,0.9999714,8.4116855e-06,2.0210782e-05
id_eimc4saxzn.jpg,0.96831644,0.000658592,0.03102493
id_ejcg1mhr5c.jpg,0.9249374,0.07166975,0.0033928114
id_el7ue70uej.jpg,0.9996128,0.00023596361,0.00015120428
id_emeryr8qky.jpg,0.9998924,6.104689e-05,4.6532256e-05
id_enpt3c9mep.jpg,0.00029977201,0.9996606,3.961782e-05
id_ep446lk61d.jpg,0.017413506,0.98209864,0.0004878521
id_esdbbgwidn.jpg,0.019728184,0.0066967937,0.973575
id_etfht8f6a2.jpg,0.00067856594,0.9981791,0.0011423541
id_ewak96titm.jpg,0.9999989,6.6182963e-07,3.5655341e-07
id_exbcejid16.jpg,0.9825238,0.011015881,0.006460279
id_exx29m2f5j.jpg,0.9632864,0.015833234,0.020880327
id_exyqtbcoxl.jpg,0.8688873,0.000524975,0.13058768
id_eyen48qlhc.jpg,0.99968153,2.567769e-05,0.00029286926
id_ezkj6zgrre.jpg,1.4505139e-05,0.99976146,0.00022402444
id_f0rirecsn9.jpg,0.99915546,0.0004967829,0.00034778094
id_f24poeux0q.jpg,0.9991834,0.00071342505,0.000103107355
id_f26ltr4l28.jpg,0.9983957,0.0011698506,0.00043450226
id_f3vj2zfokq.jpg,0.0023703503,0.0001497926,0.9974799
id_f47g7y9ot2.jpg,0.00034702037,0.00022403673,0.99942887
id_f4fi9o3le6.jpg,0.0009470955,0.9988895,0.00016338735
id_f5adctkdqm.jpg,0.0001629852,0.9998012,3.580493e-05
id_f6337bv7g3.jpg,0.99990356,1.0818962e-05,8.5604464e-05
id_f6gpnjnflw.jpg,0.16850363,0.24220009,0.5892963
id_f7sd78r9w0.jpg,0.92874193,0.040634293,0.030623771
id_f7u2i6v3p1.jpg,0.9999702,2.8730103e-05,1.0513127e-06
id_f8omw0t1gf.jpg,0.20017433,0.06855884,0.73126686
id_f94x3kmvyu.jpg,5.6234196e-05,0.9992651,0.0006787157
id_f9wa31xwh0.jpg,0.9982815,0.0003223798,0.0013961443
id_f9xzi2577a.jpg,0.0022396517,0.98399204,0.013768304
id_fae51s7h45.jpg,0.9905081,0.008832126,0.00065984967
id_falxfhtpdw.jpg,0.99999934,4.173594e-07,1.8205954e-07
id_fdal71yl52.jpg,0.0001264862,0.99986804,5.476385e-06
id_ffs12vyhkw.jpg,0.9884608,0.011504192,3.5024394e-05
id_fg13uzygdz.jpg,0.0021550243,0.202313,0.7955319
id_fgedgzq6ev.jpg,8.344013e-05,0.9999097,6.845243e-06
id_fi9cn5vrtj.jpg,0.13029496,0.86757135,0.0021336444
id_fiqduhapcz.jpg,0.0007850829,0.99865603,0.00055878336
id_fj1r8bdghm.jpg,0.8574897,0.0325055,0.1100049
id_fj7md3zas2.jpg,0.9978657,0.0016563919,0.00047793443
id_fkkb5dcuig.jpg,0.9737148,0.013150098,0.013135064
id_fl3t3nfzml.jpg,0.09892973,0.0036153109,0.8974549
id_fo95m3q1x7.jpg,0.99921,0.00011399429,0.0006760015
id_fq6blx7mhi.jpg,0.0023095612,0.0024654837,0.995225
id_fqj7ulkrw7.jpg,0.0009456207,0.9926163,0.006438157
id_fqq8i9eaqq.jpg,0.0023167257,0.9968765,0.000806779
id_fr37b0ekxk.jpg,0.015507933,0.973891,0.010601122
id_fse2430d0l.jpg,0.86194086,0.01933673,0.11872239
id_fsybyty8h5.jpg,0.95278686,0.021492306,0.02572092
id_fusrwqj2hq.jpg,0.00014789967,0.9997865,6.5552e-05
id_fvpfi4xmot.jpg,0.99931604,0.00034135554,0.00034255415
id_fxphky513b.jpg,0.0073327096,0.99201524,0.0006521291
id_fzpcrlzhul.jpg,0.032454263,0.034548882,0.93299675
id_g1eq7wvrt8.jpg,0.9991686,0.000104277045,0.0007271294
id_g3xn35cghp.jpg,5.950845e-05,0.99986327,7.7203724e-05
id_g4ug9vqbd5.jpg,0.99585426,0.0021885876,0.001957185
id_gb596fx9gc.jpg,0.0037894475,0.9961908,1.9867395e-05
id_gbmfakbcdl.jpg,0.9911783,0.008616974,0.0002048748
id_gexbz8xbbp.jpg,0.008275223,0.8758511,0.11587358
id_gfg2gev6my.jpg,0.9897479,0.010192228,5.9965623e-05
id_gfktmz0qeh.jpg,0.0036288186,0.000650621,0.9957205
id_gjloe548h5.jpg,0.00581312,0.99414176,4.512158e-05
id_gkzx64iwyd.jpg,0.9999918,2.3163316e-06,5.9097947e-06
id_gmgxcrq2t7.jpg,0.9997127,0.00025695353,3.0365052e-05
id_gnl5bn3rn6.jpg,0.0015655119,0.97164905,0.026785407
id_goucryjdwq.jpg,0.995033,0.0013443731,0.0036227247
id_gp4vo6ez94.jpg,0.9147004,0.00092057575,0.08437901
id_gq1466j51f.jpg,0.99643606,0.0027892145,0.00077478855
id_gqqyudghzn.jpg,0.9995264,0.0004137304,5.9847935e-05
id_gqwmw1xp1u.jpg,0.00054232776,0.00033146038,0.99912626
id_gsdskbip59.jpg,0.99904764,0.0006821765,0.000270174
id_gse4bshs1a.jpg,0.010887156,0.0020331496,0.9870796
id_gsplbfqt1e.jpg,0.99895054,8.637682e-05,0.0009631952
id_gv448jdur1.jpg,0.00035769897,0.9995873,5.5034543e-05
id_h283ew9pks.jpg,0.00016498454,0.9996543,0.0001807924
id_h2i1p2cyli.jpg,0.9961194,0.0005303811,0.0033502972
id_h317b8qvv6.jpg,4.2757732e-05,0.9998389,0.00011836689
id_h35g3ky6pr.jpg,0.005909187,0.3253716,0.6687192
id_hc8iljg6yo.jpg,0.9977751,0.0021071068,0.00011777552
id_hcmn4gh7z6.jpg,0.9832506,0.00017459758,0.0165748
id_hcsn3irehh.jpg,0.9998969,9.1107795e-06,9.402068e-05
id_hfa3z6tgwk.jpg,0.0004211476,0.0040837005,0.99549514
id_hfe19yb7ej.jpg,0.99958616,0.0001792556,0.00023453089
id_hgdbjm7371.jpg,0.040865295,0.007597274,0.9515375
id_hi22zpzttf.jpg,0.009961437,0.00036446578,0.9896741
id_higuw25bka.jpg,0.0019017057,0.99806404,3.425407e-05
id_hiht8zpw6y.jpg,0.99909514,0.0002497962,0.00065505726
id_hni7m73rw2.jpg,0.02609396,0.9666208,0.0072852243
id_hnqkt8oxu2.jpg,0.99987817,1.3107074e-05,0.00010867565
id_hoex385mr8.jpg,0.002650157,0.0011994443,0.9961504
id_hrn0dpvzrd.jpg,0.0027155755,0.0007798599,0.9965046
id_hruzjdkra1.jpg,0.99983203,0.0001610792,6.905335e-06
id_hssgsuxl0q.jpg,0.9221471,0.0044341725,0.073418684
id_htx4azs6ls.jpg,0.9991021,0.00088062085,1.717614e-05
id_hudg4kgstg.jpg,0.02176983,0.96814936,0.010080843
id_hup2etcyum.jpg,5.452839e-05,0.9998524,9.306781e-05
id_hwhrkqdxjz.jpg,0.0030626557,0.996849,8.832616e-05
id_hwm1vf4ddd.jpg,2.1133372e-05,0.9994186,0.0005602885
id_i1gmtoe1h9.jpg,0.010187551,0.98894775,0.000864674
id_i2sksjcifv.jpg,0.00089614623,0.9986299,0.00047391866
id_i3fsnogh5m.jpg,0.0025230313,0.99729276,0.0001842574
id_i4nn7mnpus.jpg,0.9927874,0.0065125856,0.00070002436
id_i5abphac7v.jpg,0.9977108,0.0010544407,0.001234729
id_i6c9umw8sn.jpg,0.00028504874,0.00095982023,0.99875504
id_i6rzq0vi43.jpg,0.99969274,0.00012111512,0.00018614395
id_i81ayuiv6u.jpg,0.0029478557,0.0011446134,0.99590755
id_i8eoisybxv.jpg,0.9488282,0.0016903861,0.049481403
id_ianx9b8tiy.jpg,0.9979962,1.8293778e-06,0.0020020078
id_iap17yol68.jpg,0.0010457962,0.0004464145,0.9985078
id_ibhb4afjv9.jpg,0.0031074518,0.0012927558,0.99559975
id_idptvpe36v.jpg,0.15527585,0.033576116,0.811148
id_ifboregp9u.jpg,0.99753046,0.002091486,0.00037805157
id_ifqwwkaiei.jpg,0.99684227,0.0030673973,9.031518e-05
id_igdfxxyfsu.jpg,0.98904955,0.010044875,0.00090556964
id_ih5nvehfkl.jpg,0.99978,0.00011315949,0.00010678828
id_ii2y55xu9u.jpg,0.90192693,0.007293513,0.09077949
id_iihyl0w2dk.jpg,0.9826596,0.00040145946,0.016938956
id_iizqm4nkxh.jpg,0.000957379,0.0011129557,0.9979297
id_ikihlt6xjs.jpg,0.9995799,0.0003772593,4.2890046e-05
id_im66qymqnu.jpg,0.9963155,0.0033074755,0.000376969
id_immgoa1u25.jpg,0.9998251,0.00016258254,1.2249938e-05
id_inoi7ud9bt.jpg,0.0006530199,0.99922067,0.00012629434
id_inox4crld4.jpg,4.1908996e-05,0.9997915,0.00016650054
id_ioeltwwdfm.jpg,0.00047893275,0.9962143,0.003306836
id_iom63fwkpf.jpg,0.0031801444,0.99640703,0.00041283085
id_ipaerj0ehn.jpg,0.9998003,5.6123513e-06,0.00019399624
id_ipwqvv84dt.jpg,0.9979036,0.0015574389,0.00053898024
id_irm15i7xl5.jpg,0.938112,0.009018335,0.052869648
id_irv1v3m76m.jpg,6.620339e-05,0.20014869,0.7997851
id_iryz97ll9y.jpg,0.9130719,0.076372065,0.010556042
id_isyh6ku6sl.jpg,0.001895848,0.009096002,0.98900807
id_it0rzf0hgx.jpg,0.0006572325,0.9976605,0.001682198
id_it6sxlhgr4.jpg,2.348307e-05,0.9999434,3.3220356e-05
id_itzrgxgyio.jpg,0.996555,0.0010535024,0.00239158
id_ivjhsm7cz3.jpg,0.9667113,0.008186467,0.025102278
id_iwh76wfcek.jpg,0.9997673,9.7681484e-05,0.00013499083
id_iwvfcymq9k.jpg,0.13996564,0.027900921,0.8321334
id_ixohx0x7fx.jpg,0.011498945,0.046567712,0.9419334
id_iz5cbv0k1r.jpg,0.9991791,0.0001869431,0.0006339412
id_j13u6s5efv.jpg,0.99390066,0.005799314,0.00030006276
id_j24l5grdx8.jpg,0.999386,0.00024414234,0.00036992764
id_j3568trarc.jpg,0.99966604,3.2757674e-05,0.00030122008
id_j770ua3qw3.jpg,0.99976695,0.00022894536,4.0363548e-06
id_j9vqx1xxjd.jpg,0.00053574314,0.99928004,0.0001842221
id_jat5ystlf4.jpg,0.9999701,1.151325e-05,1.8388717e-05
id_jbo4bwxjyv.jpg,0.99483216,0.0050184913,0.00014941423
id_jc7x3u6jzq.jpg,0.99998695,5.5335995e-06,7.536933e-06
id_jcld4apors.jpg,0.003836856,0.99499387,0.0011692893
id_jdgto3xkkw.jpg,0.00010404137,0.9997276,0.00016830591
id_jf35ye8yyu.jpg,0.029819705,0.9649793,0.0052010464
id_jg82ghmuqk.jpg,0.06840808,0.9304502,0.00114177
id_ji9d6406fm.jpg,0.99999094,4.1397275e-06,4.959411e-06
id_jir9ukg4k6.jpg,0.005387829,0.2618938,0.73271835
id_jl0zs4392j.jpg,0.0122097535,0.00073331356,0.9870569
id_jmug08j2dx.jpg,0.12658818,0.0051147426,0.8682971
id_joluroir8v.jpg,0.0007363537,0.9978124,0.0014512399
id_jpzdade8hn.jpg,0.9957284,0.0025589094,0.0017127366
id_jq20cab2em.jpg,0.9991344,0.00016351166,0.00070212386
id_jt6ejdwsaa.jpg,0.99975973,0.00013064219,0.00010961096
id_jtfnfvf2qv.jpg,0.97212183,0.013805276,0.014072867
id_jtz76x52jp.jpg,0.010151798,0.13409364,0.8557546
id_jva140h7wl.jpg,0.00042789217,0.9928336,0.006738475
id_jyt1do8d3r.jpg,0.8261113,0.16703442,0.0068542873
id_jz5v7tbbo5.jpg,0.99986756,0.00011485275,1.7671953e-05
id_jzw08xfv6p.jpg,0.0001277279,0.00092448015,0.99894774
id_k06dsv2byl.jpg,0.99485517,0.0039693066,0.0011754523
id_k137xcbea9.jpg,0.93632597,0.039473616,0.024200417
id_k1647qf4se.jpg,0.19069995,0.01699738,0.7923027
id_k1ple8xw7k.jpg,0.9937476,0.004517888,0.0017344956
id_k286pi6nmr.jpg,0.0018102502,0.9923726,0.0058171935
id_k4d4kbx7yh.jpg,0.999076,0.00071182614,0.00021220128
id_k5akvyy5h9.jpg,0.9967934,0.0017927615,0.0014137716
id_k64822af5l.jpg,0.9992323,1.3565339e-05,0.00075415237
id_k67n77588b.jpg,0.99132997,0.0075116246,0.0011584135
id_k7eur6kpbx.jpg,7.4840727e-06,0.99992055,7.190962e-05
id_k8jmmhh99t.jpg,6.029348e-05,0.9992903,0.0006493986
id_k8knp8lm11.jpg,0.99960005,0.00034015035,5.9792343e-05
id_k8ldaf6iji.jpg,0.9921908,0.0014098657,0.0063993884
id_k9u4k0s7zw.jpg,0.00055718736,0.9991283,0.0003145223
id_kac6myb4rp.jpg,0.99956673,0.00034806077,8.5225576e-05
id_kagc4maon9.jpg,5.137013e-06,0.9999855,9.360941e-06
id_kcxpnf02ra.jpg,0.9995084,0.00049126596,3.6691094e-07
id_kd37zpjtqn.jpg,7.496525e-05,0.99976254,0.00016250256
id_kddeefsm3e.jpg,0.997945,0.0017930571,0.00026187688
id_kdnmofmnkg.jpg,0.9997689,0.00021297131,1.8161205e-05
id_kegjaspgx8.jpg,0.024574643,0.9742271,0.0011982502
id_keiqprscwm.jpg,6.013109e-05,0.999915,2.4820103e-05
id_kez0xk5n6x.jpg,0.0006353017,0.99822295,0.0011417988
id_kg4zhrp0l8.jpg,0.9473984,0.033712458,0.018889172
id_kgmhntdh16.jpg,0.016617121,0.983374,8.890748e-06
id_khqae1m4o6.jpg,0.9993051,0.0004352953,0.00025961682
id_kidt6ecu2q.jpg,0.9999742,1.7269311e-06,2.4051713e-05
id_kj5t8u1bo4.jpg,5.0519015e-05,0.9997868,0.00016265837
id_kj9trdlawq.jpg,0.8372152,0.16011186,0.0026729964
id_kjjjs4s0wb.jpg,0.9947413,9.4952586e-05,0.005163717
id_kkhk81dpbq.jpg,0.99999404,3.710974e-06,2.2020677e-06
id_kkr3bzscyw.jpg,0.99952465,0.00022060712,0.00025475989
id_klh92u4wji.jpg,0.99920344,0.00021756662,0.0005790106
id_kn9xftvrnn.jpg,0.99958205,0.0004022303,1.573679e-05
id_knzf9k8t6z.jpg,0.99994075,3.7550795e-05,2.1670468e-05
id_kor62boy63.jpg,0.99643046,0.0034454416,0.00012412964
id_kp1oc62sv6.jpg,0.95172596,0.028826188,0.01944782
id_kphfc1xvjm.jpg,0.0066524344,0.99321985,0.00012765575
id_kps04br8xx.jpg,0.16878739,0.0017490983,0.8294635
id_kr4micn1pa.jpg,0.016301699,0.98143256,0.002265716
id_krdrytjgoq.jpg,0.011130954,0.0076988875,0.9811701
id_ksr4ggwh8f.jpg,0.061576936,0.9351838,0.003239278
id_ktg97eo3b7.jpg,0.99846905,0.0013578219,0.0001731626
id_ktifutackp.jpg,0.91698945,0.031459976,0.051550567
id_ku16t864ke.jpg,0.92250955,0.075104535,0.002385935
id_kuk3hptm3d.jpg,0.00020469046,0.99946606,0.00032929692
id_kw3e0h0qo0.jpg,0.0018612235,0.0031090807,0.9950297
id_kw5a95jiyw.jpg,0.1124247,0.81032574,0.077249646
id_kwevugay3c.jpg,0.03548451,0.9628531,0.0016624562
id_l0wsj10x2s.jpg,0.17740324,0.8144584,0.00813839
id_l2cgrkhmzl.jpg,0.005582622,0.00637568,0.9880417
id_l2wjciy2k9.jpg,0.00015383447,0.99980885,3.7311944e-05
id_l3j0xm05w3.jpg,0.98239475,0.0023772703,0.015227948
id_l613kk54tv.jpg,0.98006064,0.01983456,0.00010479137
id_l65bow7k1p.jpg,2.0144038e-05,0.99995,2.9805473e-05
id_l70nmhf28x.jpg,4.5369026e-05,0.99994457,1.0055581e-05
id_l84qvfs79z.jpg,0.06731013,0.9287235,0.0039662877
id_l8cdsmu0pd.jpg,0.9977093,0.0022450136,4.5738598e-05
id_lapii0xyip.jpg,0.9987725,0.0003711505,0.0008563273
id_lbjlqtfqnu.jpg,0.99786764,0.0012923472,0.00083989074
id_lbqdy2fu1g.jpg,0.00014046307,0.9993621,0.0004973718
id_lc3j081r9f.jpg,0.9998732,0.000118027216,8.712614e-06
id_lchpusu9hv.jpg,0.009484889,0.9796323,0.010882782
id_ld9azbrkn0.jpg,8.731032e-06,0.9999859,5.366716e-06
id_le0b7a02hg.jpg,0.9757043,0.00037534424,0.023920441
id_lfz4f0u3hl.jpg,0.992224,0.0077216425,5.4342723e-05
id_lh6c61f5cd.jpg,0.99559665,0.00020382754,0.0041995095
id_lhb8r8cqll.jpg,0.99470955,0.0027670767,0.0025233608
id_lmj087tm0f.jpg,0.94586325,0.040457454,0.01367933
id_lmxozg8vh1.jpg,0.0027279228,0.99726504,7.098106e-06
id_ln1lgvlclh.jpg,0.97276556,0.020451846,0.006782552
id_lox3edb73y.jpg,0.9924273,0.0007733527,0.006799298
id_lpf5rf5cef.jpg,0.9999669,2.7223718e-05,5.8702717e-06
id_lr01knxejc.jpg,0.99984485,0.00015312394,1.984715e-06
id_lre8xfj5a5.jpg,1.2493768e-05,0.9997443,0.00024321076
id_lupvfru1s3.jpg,0.9998669,0.00010758598,2.5481924e-05
id_lvihm9ksl3.jpg,0.9995628,0.00020316028,0.00023404541
id_lvnaamsyes.jpg,0.0017438603,0.00020597913,0.9980502
id_lvu5creqox.jpg,0.99997616,1.8194485e-05,5.685127e-06
id_lx3fzn27ya.jpg,0.9989361,0.0010058166,5.8103877e-05
id_lyzus2duc9.jpg,0.9986337,0.0012109592,0.00015538861
id_m08l0bla1p.jpg,0.9992244,0.00072033587,5.5213135e-05
id_m0btlwtdyj.jpg,0.03339329,0.009991078,0.9566157
id_m13laeeafg.jpg,0.0024961662,0.997331,0.0001727949
id_m1kfohhpam.jpg,0.9979987,0.0015379847,0.00046327643
id_m3dj7pcsfm.jpg,4.5476095e-06,0.9999779,1.754288e-05
id_m4jaqnvn4e.jpg,0.030167842,0.008893792,0.96093833
id_m6zfhhia8f.jpg,0.00054875936,0.0026775883,0.9967736
id_m7symjqnxf.jpg,0.000555568,0.99927247,0.00017196672
id_m9iq8hfhmn.jpg,0.99988425,4.9865088e-05,6.5832224e-05
id_madejx2dsj.jpg,0.9897984,0.004405547,0.0057960986
id_mcfzxboyyi.jpg,0.0016967067,0.9960976,0.002205632
id_meaye9157o.jpg,0.010270427,0.002430398,0.9872991
id_mi7nha96fs.jpg,0.9999722,1.5967848e-05,1.1782637e-05
id_miqvo2w7sn.jpg,0.0015833571,0.99681675,0.001599933
id_mjhv8d9dvy.jpg,0.9999784,1.3498415e-05,8.067817e-06
id_ml4dl8w166.jpg,0.0026791564,0.9970186,0.00030226237
id_ml6n0ko1v7.jpg,0.09883839,0.8979039,0.0032577002
id_mmi9s5q2mv.jpg,0.9996947,5.8197336e-05,0.00024708165
id_mo3bdi0ypm.jpg,0.99952406,0.00034003225,0.00013586828
id_mokkj027bd.jpg,0.010189788,0.97380114,0.016009096
id_mor6m75cmr.jpg,0.9918138,0.001015357,0.0071709002
id_mpcuoyvsqq.jpg,0.99933726,0.0006423865,2.0369323e-05
id_mq9704t67z.jpg,0.9865395,0.00030273953,0.013157771
id_mqnbanp0gs.jpg,0.0003852207,0.9993855,0.00022926771
id_mqz6zwqb19.jpg,0.012635464,0.016470129,0.97089446
id_mrjmlw7bim.jpg,0.9944567,0.005493563,4.972449e-05
id_mruj8kcxvq.jpg,0.020924808,0.97885877,0.00021644404
id_msy5wmjs0c.jpg,4.5999834e-05,0.99989223,6.173456e-05
id_mtvik21wb4.jpg,0.0018000469,0.99343467,0.0047653085
id_muy3sik0t3.jpg,0.999778,0.00021830115,3.6919796e-06
id_mwtb56vqrl.jpg,0.0043509505,0.98844886,0.007200185
id_myal68lj94.jpg,0.9999841,1.2926546e-05,3.0146705e-06
id_n0x5st1b03.jpg,0.99904245,0.000660254,0.00029730742
id_n3eoeebe44.jpg,0.99152577,0.00029320118,0.008181024
id_n4o5bhml2e.jpg,0.04556067,0.11801976,0.83641964
id_n92kd0fyhy.jpg,0.007908628,0.78906417,0.2030272
id_na7j7fjjo2.jpg,0.9963429,0.003481891,0.00017531542
id_ne6li8rhp1.jpg,6.471565e-05,0.9998878,4.742811e-05
id_nemier4hyh.jpg,0.0004874806,0.9969413,0.0025711977
id_nf4i1zkwzw.jpg,0.97522485,0.024068268,0.00070688484
id_nk0q1tl98l.jpg,0.0051843766,0.00067424076,0.99414146
id_nk1if6d55n.jpg,0.99985844,0.0001365045,5.0918466e-06
id_nklzok5d8k.jpg,0.99991393,2.1423623e-06,8.396447e-05
id_nn1llkv5gv.jpg,0.0002878987,0.998538,0.0011740697
id_nnufk51f82.jpg,0.0010064575,0.017173234,0.9818203
id_nodua32bev.jpg,0.037627008,0.00029569404,0.9620773
id_noq73td865.jpg,0.001368038,0.93906116,0.05957074
id_np3eck4ztu.jpg,0.01708888,0.4669601,0.51595104
id_npob4lecs8.jpg,0.11456142,0.078382276,0.8070563
id_nq7a83plut.jpg,0.9999203,2.7868138e-05,5.183691e-05
id_nr0y6saehj.jpg,0.999928,5.0940944e-05,2.1104654e-05
id_nr3m89kokp.jpg,0.0016025937,0.9982896,0.00010783368
id_nr47vmf0y6.jpg,0.9985837,0.0007002916,0.0007159733
id_nradve23p3.jpg,0.9757371,0.009654617,0.01460832
id_nrhzrkxu90.jpg,0.00024073652,0.9938767,0.0058826176
id_ns1z8jq194.jpg,0.06291488,0.87965214,0.057432923
id_ns220uzcsi.jpg,0.9966349,0.0025831382,0.0007819558
id_ntps3uhxsl.jpg,0.0001092733,5.6970814e-05,0.9998337
id_nvepupqkuu.jpg,0.9993751,0.00028451625,0.00034026866
id_nx75sns47n.jpg,0.9937289,0.0062617157,9.4040815e-06
id_nxyktb0riq.jpg,0.9925133,0.007269598,0.00021707393
id_o02okrgkei.jpg,0.9999788,3.8465237e-06,1.7400542e-05
id_o40xq2l8vb.jpg,0.010127981,0.7201231,0.26974887
id_o6brmp5kkp.jpg,3.8275095e-05,0.99865174,0.0013099827
id_o7xwecuwbg.jpg,0.2475887,0.75229335,0.00011797945
id_o92bfuokl9.jpg,0.9881231,0.010145918,0.0017309948
id_oait28jynd.jpg,0.999976,7.3946076e-06,1.6587666e-05
id_oarwlp7sl8.jpg,0.9999962,1.4817826e-06,2.2647193e-06
id_ob08w0ebm1.jpg,0.99993515,3.9074297e-05,2.5786056e-05
id_ob71w2bnop.jpg,0.004811146,0.99229485,0.0028939887
id_obzycw4cg5.jpg,0.0016137569,0.9959248,0.002461424
id_ogbefjp72r.jpg,0.11172405,0.036301497,0.8519745
id_oh2que39wy.jpg,0.9994117,1.2164032e-05,0.00057621987
id_oh94ko477a.jpg,1.4291406e-05,0.9999805,5.1697098e-06
id_ohz8x56i79.jpg,0.9620229,0.037151366,0.00082571805
id_oli1uj1las.jpg,0.0004144289,0.9994501,0.0001355715
id_om3a8xve6l.jpg,0.00091021904,0.008307039,0.99078274
id_om7ytfcpls.jpg,0.00020574708,0.9980663,0.0017279566
id_oo1mx5ymtk.jpg,0.9981246,0.00012954911,0.0017459213
id_oohww1e3aa.jpg,0.99989146,7.330261e-07,0.00010775261
id_or2qbpuujw.jpg,0.8731991,0.038181275,0.08861961
id_or8godvlwx.jpg,0.9947982,0.00029957108,0.004902261
id_ou8pq1hzwd.jpg,0.9992912,0.00049950794,0.00020932108
id_ouq03n3opt.jpg,0.013914442,0.8756194,0.11046615
id_oxcs1wnblk.jpg,0.00049369235,0.99856764,0.00093860866
id_oxz95d1qnm.jpg,0.9999367,2.7094944e-05,3.6247922e-05
id_oyytkl3oa0.jpg,0.89002675,0.10216257,0.007810726
id_ozjffwap45.jpg,0.0010176393,0.99897856,3.8119838e-06
id_p13pqhe04f.jpg,0.9915944,0.008271685,0.00013397407
id_p3bpzqhhit.jpg,0.99994755,6.879949e-06,4.557356e-05
id_p47lz1d5up.jpg,0.22926289,0.7699864,0.0007507024
id_p6y4n6vn5e.jpg,0.0047048335,0.9952599,3.525871e-05
id_p7z5t8nr7f.jpg,0.0022194942,0.002673583,0.99510694
id_p974tike4b.jpg,0.0015642855,0.023010684,0.975425
id_pck11u93dn.jpg,0.0009271165,0.0014724516,0.99760044
id_pdmpgo51zf.jpg,2.5503854e-05,0.9989327,0.0010417516
id_phv3e7s9vd.jpg,0.9999758,2.0607597e-05,3.6214115e-06
id_phxagy4y6s.jpg,0.0029307823,0.11034744,0.8867218
id_pife8wip0b.jpg,0.9999756,2.3656718e-05,7.6059666e-07
id_pn7y6g0hjp.jpg,0.00065538206,0.00039323026,0.9989513
id_pntkpy57se.jpg,0.0009650631,0.99710506,0.0019298415
id_pp24w882ur.jpg,0.0038597984,0.00090028933,0.9952399
id_ppdr0gmt9d.jpg,0.99368674,0.0050841495,0.0012291176
id_pqj40ezo84.jpg,0.99639195,0.002624965,0.0009830946
id_psaye5bbmy.jpg,1.9231577e-05,0.99987745,0.00010326797
id_puhujcukah.jpg,0.9406663,0.011164166,0.04816951
id_pwgy33mr4b.jpg,0.9983608,0.0013378189,0.00030127662
id_pwn5e9e1p7.jpg,0.97499835,0.023958828,0.0010427881
id_pwpzosfvbm.jpg,0.0015010561,0.99847686,2.206226e-05
id_px5m0awyjx.jpg,0.997203,0.0009722349,0.0018247335
id_pyhcdjz8o8.jpg,0.99864364,0.00127477,8.1581464e-05
id_pyjq5r512g.jpg,0.9661636,0.0005330177,0.033303384
id_pzrm28n2bq.jpg,0.9994075,0.00019592242,0.00039658538
id_q1rjf8ygj8.jpg,0.009704139,0.003316758,0.98697907
id_q2517ryv7t.jpg,9.714636e-07,0.9999699,2.912988e-05
id_q32ayk5adl.jpg,0.0010997495,0.00023048928,0.99866974
id_q3wdq35cv5.jpg,0.99861467,0.0013731585,1.2149442e-05
id_q6g4z619ff.jpg,0.9980287,0.0012814779,0.0006898214
id_q7dsadfkfp.jpg,0.00013614859,0.99516046,0.004703334
id_q8b3e1az0w.jpg,0.999988,1.15955345e-05,4.3842056e-07
id_qalbod24ns.jpg,0.000116269555,0.9847983,0.015085406
id_qbwv3fl351.jpg,7.584758e-05,0.99991655,7.527853e-06
id_qcbd33fhkd.jpg,0.93694246,0.00029862247,0.06275894
id_qdw44akx59.jpg,0.19505343,0.80035174,0.004594835
id_qdylk3rwsi.jpg,0.9923217,0.0009551864,0.0067230584
id_qdzqcr85sb.jpg,0.99816936,0.0012976868,0.00053302624
id_qetwm61xjq.jpg,0.004446251,0.9872696,0.008284152
id_qh7mb43ea4.jpg,6.710798e-05,0.9994707,0.00046223908
id_qhwsn5sjky.jpg,0.062158156,0.83999634,0.09784551
id_qjvehdunvp.jpg,0.11374702,0.88603604,0.0002170131
id_qm0yihlx8r.jpg,0.9999957,2.618682e-06,1.5952406e-06
id_qmoz3pj1ki.jpg,0.7099009,0.2847377,0.0053613926
id_qo5q3bzxum.jpg,0.9999875,1.058554e-05,1.9575814e-06
id_qp60rugwpz.jpg,0.99494064,0.00490422,0.00015517583
id_qphv1wsryg.jpg,0.020365797,0.97491527,0.004718996
id_qqtf2q8hqu.jpg,0.9999888,8.399353e-06,2.785041e-06
id_qspez4tmne.jpg,0.99912727,5.722788e-05,0.0008154464
id_quhj73jw7i.jpg,0.92443186,0.075396515,0.00017157022
id_qv31emc1k3.jpg,0.99980336,0.000105499945,9.112095e-05
id_qw8eivp436.jpg,0.9999825,1.7244309e-05,3.040249e-07
id_qx0p7xr36g.jpg,0.98044306,0.0025794054,0.016977482
id_qy87hrslg6.jpg,0.9999438,6.8958266e-06,4.934443e-05
id_r0gcaflg0r.jpg,0.2333952,0.0016411275,0.7649637
id_r0oxjlww33.jpg,0.99844104,9.328842e-05,0.0014656731
id_r1c568gyb7.jpg,0.9999527,4.3747074e-05,3.5578428e-06
id_r2qh78jyob.jpg,0.9989869,0.0008576245,0.00015554999
id_r50fyfnzqh.jpg,0.009430308,0.98301244,0.007557272
id_r5s3cn4iuq.jpg,0.0015134274,0.0043495977,0.9941369
id_r84o75bud7.jpg,0.0018597674,0.054078672,0.9440615
id_rb445eugon.jpg,0.9998534,1.814727e-05,0.00012844443
id_rcx2w5a6g9.jpg,1.9293882e-05,0.9998456,0.00013506632
id_reekwcctmj.jpg,0.99814975,0.0013403493,0.00050989364
id_rfy3r8jhtk.jpg,0.99418837,0.0012573096,0.0045543034
id_rgl13ss505.jpg,0.1418346,0.78364074,0.074524686
id_rh42otmp8x.jpg,0.99990976,3.252287e-05,5.7695066e-05
id_rhwaelt77b.jpg,1.654692e-05,0.9997274,0.0002559998
id_rhxyv62mdq.jpg,0.9961116,0.0024426575,0.0014457847
id_rj02n63kp6.jpg,0.98810387,0.011472676,0.00042345346
id_rj4wx2zzhp.jpg,0.9973112,0.002562527,0.00012636058
id_rjb0m0kzrs.jpg,0.0021812152,0.9974148,0.00040397095
id_rlmqwptg69.jpg,0.99778664,0.00010092111,0.0021125264
id_rlp1zc40tf.jpg,0.011822949,0.98737204,0.00080502953
id_rlryrjw5qt.jpg,0.97311854,0.026796333,8.5175845e-05
id_rnwysctm75.jpg,0.9485327,0.004647132,0.04682019
id_rqd5qo1lpz.jpg,0.9982156,0.0012143534,0.00057003193
id_rr09z2xvu4.jpg,0.99349964,0.0041517625,0.0023485443
id_rr8c6flpv1.jpg,0.9999963,9.703843e-07,2.7901624e-06
id_rrbk30r6kh.jpg,1.3761123e-05,0.00012644337,0.99985975
id_rsgpp32hk6.jpg,1.5356254e-05,0.9988207,0.0011639746
id_rswpjbk5ea.jpg,0.94049525,0.0005312044,0.05897349
id_rycjvmjn4k.jpg,0.99998605,7.072953e-06,6.8731415e-06
id_rykyhtg5c3.jpg,0.8445163,0.0026301695,0.15285362
id_rzwjplxtyh.jpg,0.03126186,0.9667162,0.0020219772
id_s0wikiu8hn.jpg,0.9981697,0.0010079884,0.0008222993
id_s1av7tc3vw.jpg,0.00053280685,0.99943215,3.5026722e-05
id_s1ddf6gcj2.jpg,0.9960525,0.0039216084,2.587949e-05
id_s4sboy3ozh.jpg,0.999882,4.368223e-06,0.00011354239
id_s7wudr4fcb.jpg,0.997406,2.232525e-05,0.0025716992
id_s8tnbtoqjb.jpg,0.0014914449,0.00079958775,0.99770904
id_s8vc8sbsz5.jpg,0.0007604062,0.99914455,9.503007e-05
id_s8zflbhuvf.jpg,0.025930615,0.96943814,0.0046312544
id_s9ewsbgwuh.jpg,0.00016774541,0.0018680976,0.99796414
id_s9fqnvn2m4.jpg,0.9999984,1.518719e-06,9.954382e-08
id_s9udrx90dy.jpg,0.99884677,8.004566e-05,0.0010732529
id_sa5m7o3raa.jpg,0.0038054474,0.9960145,0.00018015993
id_sbwyxqj41t.jpg,0.9755888,0.021481676,0.0029295615
id_sd3gb6ksxl.jpg,0.9997728,8.3729865e-05,0.0001434889
id_sdbv9gvvrf.jpg,0.996925,0.0028278064,0.00024721905
id_se3unvvegw.jpg,0.9962677,1.7644861e-05,0.0037146094
id_sec433h1se.jpg,0.0009023241,0.9973796,0.0017180141
id_sfr6b6w9ys.jpg,0.98728347,0.012135638,0.000580957
id_sfswc1ko1g.jpg,0.999388,0.00057618425,3.5892735e-05
id_sj80vdw1bu.jpg,0.9976853,0.00025797632,0.0020567386
id_sjbllalhq7.jpg,0.90367234,0.012781023,0.083546616
id_snoz9zpjyt.jpg,0.9984032,0.0009367842,0.00065999787
id_snuttkxu9g.jpg,0.9975491,0.0001384645,0.0023124001
id_sogq5cgbut.jpg,0.98892367,0.010864071,0.00021226023
id_soncg0jffg.jpg,0.99999166,6.4645283e-06,1.9117274e-06
id_spsdfjdex9.jpg,0.99349356,8.167167e-05,0.006424763
id_sqnzvsbune.jpg,0.9723761,0.00013104617,0.027492885
id_ssg6xiptba.jpg,0.99937284,0.0005514351,7.567201e-05
id_ste0oewz55.jpg,0.0017097732,0.0057411725,0.99254906
id_sthbo5zefn.jpg,0.09401106,0.7593887,0.14660025
id_stwwzttsfk.jpg,0.0005462172,0.9994085,4.5305038e-05
id_suwetdb7vd.jpg,0.011414585,0.00281881,0.98576665
id_swfnvjpg9v.jpg,0.0010290357,0.9482268,0.050744116
id_szhbo0igbe.jpg,0.0044013797,0.8505447,0.1450539
id_szljg89lq9.jpg,0.8468702,0.00087263994,0.15225714
id_t19dc030qz.jpg,0.009384157,0.8264454,0.16417041
id_t37u1133mm.jpg,0.998669,0.0011793786,0.0001515522
id_t3ejwleejy.jpg,0.00015011954,0.9963904,0.0034594545
id_t6s3igq9fc.jpg,5.496841e-05,0.9999347,1.0344031e-05
id_t7nfloqibb.jpg,0.0009545082,0.0007048656,0.9983406
id_t8bkohpg52.jpg,1.0872763e-05,0.999975,1.4138532e-05
id_tbra58cfuq.jpg,0.99993014,1.5165965e-05,5.4719723e-05
id_tcyupvg1y4.jpg,0.9982722,0.0016439825,8.388105e-05
id_tdnddlz0tm.jpg,0.009899396,0.98803866,0.0020619987
id_tdxkzfymw1.jpg,0.8822167,0.00013135937,0.11765195
id_tdzc8ybddv.jpg,0.99963784,0.00029748993,6.465231e-05
id_tf63upea5a.jpg,0.99415565,0.0026608014,0.0031835923
id_tfkf8byes4.jpg,0.002562823,0.07971594,0.9177212
id_tghs8neuez.jpg,0.00029538586,0.9976411,0.0020635643
id_tgp7vxu3a8.jpg,5.277237e-05,0.9998761,7.1194336e-05
id_tgy35ev719.jpg,0.7553931,0.0138544105,0.23075254
id_thxs2qqpqg.jpg,0.0023225024,4.3956446e-05,0.99763346
id_tilxme6mos.jpg,0.99998254,3.2620005e-06,1.4221728e-05
id_tk5oepc6vw.jpg,0.17719392,0.7210151,0.101790965
id_tmn0kr41se.jpg,0.9999389,2.4857816e-05,3.61398e-05
id_tnpvn0t60n.jpg,0.032805994,0.9658339,0.0013601026
id_toiig8o6nt.jpg,0.008136249,0.0006705631,0.9911932
id_top4rdz7ty.jpg,0.931787,0.059256636,0.008956379
id_tpxmv75riv.jpg,0.99259233,0.00685597,0.0005517334
id_tqrg299dxv.jpg,0.99978954,3.4539735e-05,0.00017592401
id_trwdowxes3.jpg,0.022253962,0.0805983,0.89714783
id_tsfwbky6s3.jpg,0.99963963,0.00026340087,9.693262e-05
id_tt9qlvvcji.jpg,0.98940325,0.0043724454,0.0062243915
id_ttp4tztiek.jpg,0.9886924,0.00020884085,0.011098779
id_ttp67r9gl6.jpg,0.8255101,0.16889066,0.0055991914
id_tuwlieph08.jpg,0.99662215,0.003334388,4.349703e-05
id_tv168ghvxd.jpg,0.99944925,0.0002709514,0.00027984084
id_tvd1vr9c6c.jpg,4.5695656e-06,0.9999883,7.091504e-06
id_tzgwvdjh8y.jpg,0.0005381814,0.0017883022,0.9976735
id_u0ubc6531p.jpg,0.021051344,0.9787142,0.0002343854
id_u18q7ctpk3.jpg,0.99879503,4.7908743e-05,0.0011570373
id_u3ato7u1z2.jpg,0.033717904,0.92177033,0.04451176
id_u3nu82b2w0.jpg,0.0044308626,0.002585451,0.9929837
id_u6g8xhcq4v.jpg,0.9991138,0.00036771927,0.00051849394
id_u822p5sq8b.jpg,0.00019052249,0.0018050793,0.99800444
id_ua9fx7k3g7.jpg,0.9999095,1.2545546e-05,7.793651e-05
id_uddlkgvn23.jpg,0.006032674,0.9928563,0.0011110216
id_ue490hfcyv.jpg,0.15594485,0.17707726,0.6669779
id_ueo95s7inb.jpg,0.0047915294,0.9922428,0.0029657122
id_ufcorwsgqd.jpg,0.20079237,0.7761237,0.023083912
id_ui6swc82vn.jpg,0.9900429,0.009870126,8.696868e-05
id_ujskwrw6bg.jpg,0.9990677,0.0008402127,9.2003065e-05
id_ukl71eqd1n.jpg,0.9977596,0.0021051152,0.00013531403
id_ukub3q9emc.jpg,0.99998486,1.9412541e-06,1.3134608e-05
id_ulyj9e7m79.jpg,0.033863273,0.96138424,0.0047524543
id_ulzk4p835t.jpg,0.9429532,0.056902125,0.00014461268
id_uompu9rj03.jpg,0.022907287,0.0145367775,0.9625559
id_uq1acn82ek.jpg,0.81112677,0.02600244,0.16287072
id_urk774ut2a.jpg,0.027349927,0.009957033,0.9626929
id_uutzgouzed.jpg,0.99930835,0.0005675193,0.000124133
id_uwg9j6d6u5.jpg,0.024476249,0.9753068,0.00021690706
id_uxutpxc599.jpg,0.9999959,2.87003e-06,1.2375524e-06
id_uxvq5xwulb.jpg,0.9714095,0.02804459,0.0005459131
id_uy2i5sgmo1.jpg,0.0011633987,0.99881864,1.7993749e-05
id_v016283wjn.jpg,0.008787982,0.0006571584,0.99055487
id_v1hlmorp50.jpg,0.20854719,0.74668497,0.04476786
id_v2at6dlgst.jpg,0.00010339686,0.9998465,5.007645e-05
id_v3gknb05v8.jpg,0.0005724434,0.00018205342,0.9992455
id_v3rklm0vbg.jpg,0.99992764,9.976516e-06,6.226847e-05
id_v7nbqrhggw.jpg,0.0013622415,0.9985546,8.3142644e-05
id_v8grwbidcc.jpg,0.9958872,0.004020288,9.2450224e-05
id_v919v66exa.jpg,0.048835408,0.01587486,0.9352897
id_v93k3mjxfz.jpg,0.9945717,0.00011029953,0.00531796
id_vautp73pum.jpg,0.97769773,0.0074694077,0.014832803
id_vawh0j78pi.jpg,0.0006841914,0.9990773,0.00023844618
id_venjjlvsdb.jpg,0.99539804,0.004239179,0.00036275355
id_vilw006woa.jpg,0.9985542,0.0012731162,0.00017267653
id_vk3bsqnian.jpg,0.9996457,1.41487035e-05,0.00034006962
id_vm95trmrym.jpg,0.99734616,4.019895e-05,0.0026137007
id_vnp8h2ahwz.jpg,0.0011004842,0.0007271029,0.9981724
id_vnr96k4otc.jpg,0.9999939,4.2476236e-06,1.8310869e-06
id_vqkscphy17.jpg,0.999737,0.00019159919,7.133537e-05
id_vs50x01pnn.jpg,0.99830985,2.5398936e-05,0.0016647557
id_vtclbp2q6p.jpg,0.00079800934,0.9974259,0.001776144
id_vud88to52u.jpg,0.0022083558,0.018040482,0.9797511
id_vunngzaao0.jpg,0.9997604,0.00013504543,0.00010453147
id_vwi9qf83z5.jpg,0.9844262,0.007415071,0.008158762
id_vybvadxbeg.jpg,0.8554894,0.14435267,0.0001578599
id_vyimjd8ozt.jpg,0.99942553,0.0004446905,0.00012975541
id_w0qxihth93.jpg,0.00020661611,0.9989781,0.0008152496
id_w0yjhohz11.jpg,0.23159426,0.18603316,0.58237255
id_w1ej4cs5x4.jpg,0.99998796,1.0211476e-05,1.7985826e-06
id_w2504mxdan.jpg,0.9999715,8.495857e-06,1.9963714e-05
id_w2yvcm69k8.jpg,0.0002304985,0.9997268,4.273455e-05
id_w3jdvmb9ng.jpg,0.008993132,0.9050618,0.08594508
id_w3xc9815j2.jpg,0.99804753,0.0017418903,0.0002105231
id_w5bhneyqo7.jpg,0.004569158,0.99481297,0.00061787455
id_w6jwojzr9v.jpg,0.95731246,0.00016015652,0.042527366
id_w763tns6e6.jpg,0.018464325,0.94200444,0.03953123
id_w86ku2lcm4.jpg,0.99999535,3.1288573e-06,1.4850058e-06
id_w8p5399l7w.jpg,0.99043775,1.8862481e-06,0.009560346
id_w99do194z1.jpg,0.9304608,0.06942629,0.00011285833
id_w9fm3x1my6.jpg,0.00010540504,0.99926907,0.0006255926
id_w9yf7sq9e9.jpg,0.9958908,0.0030470642,0.0010622013
id_wa5en4qhoh.jpg,0.9930979,0.00511811,0.0017840929
id_wb1cl3irf7.jpg,0.9999982,1.6304896e-06,2.008631e-07
id_we9o2buksi.jpg,0.99562407,0.00035976805,0.004016067
id_wfa94ie2du.jpg,0.0018108548,0.00019296785,0.9979962
id_wgak7atnj8.jpg,0.9993813,0.00059967255,1.9138344e-05
id_wgv3zrcwav.jpg,0.00013257882,0.9986341,0.0012333366
id_whbk4vq0xf.jpg,0.9998126,0.00010703865,8.039161e-05
id_whhw9gbfeb.jpg,0.0004892057,0.9988685,0.00064231193
id_wi9dejk0b9.jpg,0.99855936,0.00032048087,0.001120186
id_wlgd8c7s3z.jpg,0.99391174,0.00520701,0.0008812047
id_wmx7rlrxg0.jpg,0.99981326,0.00017772464,9.054432e-06
id_wn1325oc1y.jpg,0.106269754,0.89325666,0.00047354642
id_wnlql3t1c1.jpg,0.75088894,0.020020328,0.22909069
id_wq18wcp81e.jpg,0.97804457,0.00010121107,0.021854237
id_wquw3q3p2z.jpg,0.99343705,0.005156209,0.0014066687
id_wqwoxsohdv.jpg,0.9955822,0.0040917955,0.00032593953
id_wrukk3s51z.jpg,0.010916601,0.82736254,0.16172086
id_wrw6kgxh4a.jpg,0.00017508157,0.99980175,2.3200651e-05
id_wsh7t9dxnf.jpg,0.015593453,0.0022326135,0.98217404
id_wu6jtop7y1.jpg,0.0032025059,0.984729,0.012068541
id_wvb9f6jqxp.jpg,0.0016640034,0.002132025,0.99620396
id_wwo1nsomhj.jpg,0.91132903,0.027857391,0.060813624
id_wwtgdf0p1l.jpg,0.9998448,4.7897483e-06,0.00015046465
id_wxo66wf3gm.jpg,0.9992647,5.8862304e-05,0.00067641574
id_wyunn3afu3.jpg,0.060900412,0.89304614,0.046053436
id_wywe3z64s3.jpg,0.9993069,0.00062913063,6.394027e-05
id_wz36qs2v2y.jpg,0.12709709,0.84845454,0.024448365
id_wz8mbn9sng.jpg,0.0092019895,0.0022431666,0.98855495
id_x001eogutw.jpg,0.9972962,0.0026475997,5.609766e-05
id_x0nnigif79.jpg,0.039418057,0.9452099,0.01537203
id_x68mjo4xbl.jpg,4.3995347e-05,0.9976816,0.0022744122
id_x791d7hjde.jpg,0.012018731,0.9876268,0.00035442924
id_x8841bs8mo.jpg,0.9959574,0.0038821825,0.00016045533
id_x8c5blrien.jpg,0.99913055,0.00049128564,0.00037810684
id_x92bjv4m7a.jpg,0.9999826,1.0880219e-05,6.5716513e-06
id_x9fw0j3iqa.jpg,0.013501644,0.846663,0.13983536
id_xajwlvf7tw.jpg,0.9974859,0.0017464701,0.0007677475
id_xal0mklwc3.jpg,0.001281536,0.0055494187,0.9931691
id_xb7bivle83.jpg,0.0015466001,0.9984384,1.49458165e-05
id_xbi5xa8pl7.jpg,0.9876062,0.012229087,0.00016463218
id_xbpu7rwpog.jpg,0.9999177,6.8370304e-05,1.3862242e-05
id_xedjynm8sh.jpg,7.3286836e-05,0.99966806,0.00025871658
id_xeu58snvje.jpg,0.99711615,0.002847052,3.680963e-05
id_xg82bhcs72.jpg,0.10788378,0.01041193,0.88170433
id_xgqkcc5npp.jpg,0.0031969827,0.011075533,0.9857275
id_xi7r0lr3vt.jpg,0.0006033919,0.0004722473,0.9989244
id_xiv6fmv4wm.jpg,0.8575679,0.1037317,0.03870043
id_xj1s29redt.jpg,0.99952054,0.00021443804,0.00026503694
id_xjbzes2q7b.jpg,0.99900436,0.00083962776,0.0001560224
id_xl5adfkuw2.jpg,0.9993996,0.00055912463,4.1214687e-05
id_xq8xbgid55.jpg,0.011316596,0.004831191,0.98385215
id_xr40o03eho.jpg,0.03712578,0.89853144,0.064342745
id_xr9avpzwjz.jpg,0.9990574,0.00091481407,2.7719401e-05
id_xrer1k8ota.jpg,0.9984394,0.0015074324,5.3214015e-05
id_xs96ksjv7k.jpg,0.0020905584,0.9972488,0.00066062546
id_xsaeioml0k.jpg,0.99923575,0.00011884257,0.00064542267
id_xsdosw4f63.jpg,0.99871516,3.7135254e-05,0.0012477691
id_xuhsdgid5q.jpg,0.9984224,0.0014004824,0.00017708635
id_xuygfg2sp3.jpg,0.9996619,0.00016406243,0.00017399185
id_xy6orpo8zf.jpg,0.997548,0.002126635,0.00032535434
id_y1o2x9smtx.jpg,0.9999277,5.4524233e-05,1.7793362e-05
id_y25rtqtb7t.jpg,0.9985733,0.00057624833,0.0008503284
id_y4yz1jk5r1.jpg,0.99999917,3.8960013e-07,5.016999e-07
id_y56i8gbqm7.jpg,0.010653406,0.005547715,0.9837988
id_y5ukefbcps.jpg,0.99974215,7.672314e-05,0.00018118802
id_y75fvp3yr1.jpg,0.025416054,0.0122295795,0.9623544
id_y7mqirxdv8.jpg,0.99996865,2.9612806e-05,1.7461e-06
id_y82ho9id89.jpg,0.99700856,0.00015998258,0.0028315377
id_y8rq551j3m.jpg,0.019985007,0.96656066,0.013454307
id_yc5lf1k1ns.jpg,0.041399732,0.033594593,0.9250057
id_yciny6gykn.jpg,0.94336826,0.05641798,0.00021375157
id_yfbqkw1ymg.jpg,0.99486595,0.0015752708,0.0035587335
id_yfppsjq33j.jpg,0.9964041,0.00082855683,0.0027673398
id_yhji67eb9c.jpg,4.090304e-05,0.9999442,1.4930244e-05
id_yies2kffo9.jpg,0.976939,0.000347029,0.022713955
id_yijkuvg4c6.jpg,0.22428386,0.77281094,0.002905212
id_yjme0wt3ne.jpg,0.99872196,0.00044199213,0.0008360783
id_ykwjcm7qqr.jpg,0.99883676,0.00020153716,0.0009616456
id_yl7mb6baap.jpg,0.81867373,0.17674102,0.0045852433
id_yl85vi7fal.jpg,0.00087452476,0.99851006,0.00061540655
id_ym9mzaewzx.jpg,0.7788101,0.1098937,0.11129621
id_ymd931nw1w.jpg,6.860177e-06,0.9999747,1.8386767e-05
id_yny73gm4c4.jpg,0.768484,0.09080747,0.14070855
id_yo4h7crinn.jpg,9.076526e-05,0.9994204,0.00048884714
id_ys8pl8iwuj.jpg,0.9982599,0.001070494,0.00066966075
id_ysjhxc0kpv.jpg,0.99575865,0.002300539,0.0019407806
id_ytwkt162q6.jpg,0.00031024317,0.9996629,2.695674e-05
id_yuo2xlbzs9.jpg,0.995177,9.437779e-05,0.0047286577
id_yz8m2zc7mn.jpg,0.93685216,0.053495444,0.0096524
id_z0di3urhd3.jpg,0.97258717,0.022494078,0.0049186945
id_z405c8vwbs.jpg,0.9961295,0.0034783164,0.00039218646
id_z4ra6bl1u5.jpg,0.9903877,0.0019489814,0.0076632854
id_z9o3yg7icv.jpg,0.00048593566,0.00023705392,0.999277
id_z9vpagzd8d.jpg,0.041875742,0.0071859485,0.9509383
id_ze7kusje5k.jpg,0.99997336,2.3216171e-05,3.3872843e-06
id_zezswf7mgc.jpg,8.37032e-06,0.9999825,9.156598e-06
id_zf23xyc4tp.jpg,0.99994946,2.9411724e-05,2.108953e-05
id_zirhmvpnxr.jpg,0.003198141,0.9967613,4.050088e-05
id_zjttmksblf.jpg,0.00082397787,0.9991338,4.2233187e-05
id_zlht6gd0y2.jpg,0.12652993,0.007818168,0.86565197
id_zll75i7pth.jpg,0.11044412,0.8865424,0.0030135182
id_zot2kkt61p.jpg,0.003251321,0.8379467,0.15880199
id_zppfrdno2o.jpg,0.97447836,0.0044037565,0.021117913
id_zqw38plmbv.jpg,0.92779344,0.071987905,0.00021852231
id_zrdlgjrq3r.jpg,0.00023999283,0.06405929,0.9357007
id_zsfayxwipp.jpg,4.1430336e-05,0.9977597,0.0021988663
id_ztvp2l9k3h.jpg,0.98549473,0.014095673,0.00040957
id_zwwcma7hlt.jpg,0.99938065,0.00012384166,0.0004955117
id_zyo7m4fj8h.jpg,0.13024083,0.002016174,0.867743
